FECHA;HORA;CANTON;PARROQUIA;ZONA;LATITUD_Y;LONGITUD_X;DIRECCION;TIPO_DE_SINIESTRO;CAUSA_PROBABLE;TIPO_DE_VEHICULO_1;LESIONADOS;FALLECIDOS;FERIADO;ANIO;MES;DIA;DIA_SEMANA;NOMBRE_DIA;HORA_DECIMAL;HORA_NUM;RANGO_HORARIO;HORA_SIN;HORA_COS;DIA_SIN;DIA_COS;TOTAL_VICTIMAS;NUM_ACCIDENTES;RIESGO_PORCENTAJE;NIVEL_RIESGO
2024-01-17;19:19:59.952000;CUENCA;CUENCA;URBANA;-2,900803;-78,991681;GUAPONDELIG Y JUAN JOSÉ FLORES;ATROPELLOS;PEATÓN TRANSITA BAJO INFLUENCIA DE ALCOHOL, SUSTANCIAS ESTUPEFACIENTES O PSICOTRÓPICAS Y/O MEDICAMENTOS.;AUTOMÓVIL;0;0;NO;2024;1;17;2;MIERCOLES;19,333055555555557;19;NOCHE;-0,9659258262890684;0,2588190451025203;0,9749279121818236;-0,22252093395631434;0;5;45,45;MEDIO
2024-01-18;05:51:59.962000;CUENCA;CUENCA;URBANA;-2,913393;-79,030961;DON BOSCO Y LOJA;CHOQUE LATERAL;NO RESPETAR LAS SEÑALES REGLAMENTARIAS DE TRÁNSITO. (PARE, CEDA EL PASO, LUZ ROJA DEL SEMAFORO, ETC).;AUTOMÓVIL;2;0;NO;2024;1;18;3;JUEVES;5,866388888888888;5;MADRUGADA;0,9659258262890683;0,25881904510252074;0,43388373911755823;-0,900968867902419;2;2;18,18;BAJO
2024-01-18;07:21:59.962000;CUENCA;CUENCA;URBANA;-2,901006;-79,000449;JUAN JARAMILLO Y MARIANO CUEVA;CHOQUE LATERAL;NO RESPETAR LAS SEÑALES REGLAMENTARIAS DE TRÁNSITO. (PARE, CEDA EL PASO, LUZ ROJA DEL SEMAFORO, ETC).;MOTOCICLETA;2;0;NO;2024;1;18;3;JUEVES;7,366388888888888;7;MANANA;0,9659258262890683;-0,25881904510252063;0,43388373911755823;-0,900968867902419;2;2;18,18;BAJO
2024-01-18;10:14:59.971000;CUENCA;CUENCA;URBANA;-2,892027;-79,011226;MIGUEL VELEZ Y SANGURIMA;ESTRELLAMIENTOS;CONDUCIR DESATENTO A LAS CONDICIONES DE TRÁNSITO (CELULAR, PANTALLAS DE VIDEO, COMIDA, MAQUILLAJE O CUALQUIER OTRO ELEMENTO DISTRACTOR).;NO IDENTIFICADO;1;0;NO;2024;1;18;3;JUEVES;10,249722222222221;10;MANANA;0,49999999999999994;-0,8660254037844387;0,43388373911755823;-0,900968867902419;1;2;18,18;BAJO
2024-01-18;13:30:00.086000;CUENCA;CUENCA;URBANA;-2,904232;-78,994526;QUILLAÑAN Y GUAPONDELIG;CHOQUE LATERAL;NO RESPETAR LAS SEÑALES REGLAMENTARIAS DE TRÁNSITO. (PARE, CEDA EL PASO, LUZ ROJA DEL SEMAFORO, ETC).;AUTOMÓVIL;0;0;NO;2024;1;18;3;JUEVES;13,5;13;TARDE;-0,2588190451025208;-0,9659258262890683;0,43388373911755823;-0,900968867902419;0;2;18,18;BAJO
2024-01-19;01:12:00.086000;CUENCA;CUENCA;URBANA;-2,871788;-78,945671;PANAMERICANA NORTE Y SN;PÉRDIDA DE CARRIL;CONDUCIR DESATENTO A LAS CONDICIONES DE TRÁNSITO (CELULAR, PANTALLAS DE VIDEO, COMIDA, MAQUILLAJE O CUALQUIER OTRO ELEMENTO DISTRACTOR).;MOTOCICLETA;0;1;NO;2024;1;19;4;VIERNES;1,2;1;MADRUGADA;0,25881904510252074;0,9659258262890683;-0,433883739117558;-0,9009688679024191;1;2;18,18;BAJO
2024-01-19;09:41:59.942000;CUENCA;CUENCA;URBANA;-2,885914;-78,972843;PASEO MILCHICHIG Y HUANCAVILCAS;PÉRDIDA DE PISTA;CONDUCE BAJO LA INFLUENCIA DE ALCOHOL, SUSTANCIAS ESTUPEFACIENTES O PSICOTRÓPICAS Y/O MEDICAMENTOS.;NO IDENTIFICADO;0;0;NO;2024;1;19;4;VIERNES;9,699722222222222;9;MANANA;0,7071067811865476;-0,7071067811865475;-0,433883739117558;-0,9009688679024191;0;2;18,18;BAJO
2024-01-19;14:51:00.086000;CUENCA;CUENCA;URBANA;-2,896657;-79,019492;UNIDAD NACIONAL Y DEL BATÁN;ATROPELLOS;CONDUCIR DESATENTO A LAS CONDICIONES DE TRÁNSITO (CELULAR, PANTALLAS DE VIDEO, COMIDA, MAQUILLAJE O CUALQUIER OTRO ELEMENTO DISTRACTOR).;MOTOCICLETA;1;0;NO;2024;1;19;4;VIERNES;14,85;14;TARDE;-0,4999999999999997;-0,8660254037844388;-0,433883739117558;-0,9009688679024191;1;7;63,64;MEDIO
2024-01-19;16:34:59.981000;CUENCA;CUENCA;URBANA;-2,896281;-79,005718;PADRE AGUIRRE Y SIMÓN BOLÍVAR;OTROS;CASO FORTUITO O FUERZA MAYOR (EXPLOSIÓN DE NEUMÁTICO NUEVO, DERRUMBE, INUNDACIÓN, CAÍDA DE PUENTE, ÁRBOL, PRESENCIA INTEMPESTIVA E IMPREVISTA DE SEMOVIENTES EN LA VÍA, ETC.).;AUTOMÓVIL;0;0;NO;2024;1;19;4;VIERNES;16,583055555555557;16;TARDE;-0,8660254037844385;-0,5000000000000004;-0,433883739117558;-0,9009688679024191;0;7;63,64;MEDIO
2024-01-19;17:16:59.923000;CUENCA;CUENCA;URBANA;-2,900863;-78,992704;JUAN JOSE FLORES Y OCTAVIO DIAZ;CHOQUE LATERAL;NO RESPETAR LAS SEÑALES REGLAMENTARIAS DE TRÁNSITO. (PARE, CEDA EL PASO, LUZ ROJA DEL SEMAFORO, ETC).;AUTOMÓVIL;1;0;NO;2024;1;19;4;VIERNES;17,283055555555556;17;TARDE;-0,9659258262890683;-0,25881904510252063;-0,433883739117558;-0,9009688679024191;1;7;63,64;MEDIO
2024-01-20;08:49:59.952000;CUENCA;CUENCA;URBANA;-2,863942;-78,931548;RED ESTATAL E35 KM 694 Y SN;PÉRDIDA DE CARRIL;CONDUCIR DESATENTO A LAS CONDICIONES DE TRÁNSITO (CELULAR, PANTALLAS DE VIDEO, COMIDA, MAQUILLAJE O CUALQUIER OTRO ELEMENTO DISTRACTOR).;AUTOMÓVIL;0;0;NO;2024;1;20;5;SABADO;8,833055555555555;8;MANANA;0,8660254037844387;-0,4999999999999998;-0,9749279121818236;-0,2225209339563146;0;2;18,18;BAJO
2024-01-20;14:54:59.933000;CUENCA;CUENCA;URBANA;-2,898148;-78,975844;RAYOLOMA Y EMILIANO ZAPATA;CHOQUE LATERAL;REALIZAR CAMBIO BRUSCO O INDEBIDO DE CARRIL.;CAMIONETA;0;0;NO;2024;1;20;5;SABADO;14,91638888888889;14;TARDE;-0,4999999999999997;-0,8660254037844388;-0,9749279121818236;-0,2225209339563146;0;3;27,27;BAJO
2024-01-21;20:27:59.933000;CUENCA;RICAURTE (CUENCA);RURAL;-2,864029;-78,959294;VICENTE PACHECO Y SN;ESTRELLAMIENTOS;CONDUCE BAJO LA INFLUENCIA DE ALCOHOL, SUSTANCIAS ESTUPEFACIENTES O PSICOTRÓPICAS Y/O MEDICAMENTOS.;AUTOMÓVIL;1;0;NO;2024;1;21;6;DOMINGO;20,46638888888889;20;NOCHE;-0,8660254037844386;0,5000000000000001;-0,7818314824680299;0,6234898018587334;1;1;9,09;BAJO
2024-01-23;07:31:59.923000;CUENCA;BAÑOS (CUENCA);RURAL;-2,920229;-79,066367;6 DE ENERO Y MAYORAL;CHOQUE FRONTAL;CONDUCIR EN SENTIDO CONTRARIO A LA VÍA NORMAL DE CIRCULACIÓN.;CAMIONETA;0;0;NO;2024;1;23;1;MARTES;7,533055555555555;7;MANANA;0,9659258262890683;-0,25881904510252063;0,7818314824680298;0,6234898018587336;0;1;9,09;BAJO
2024-01-23;19:26:59.942000;CUENCA;VALLE;RURAL;-2,915884;-78,984571;VIA AL VALLE Y SN - REDONDEL SUBIDA A EL VALLE;CHOQUE LATERAL;NO GUARDAR LA DISTANCIA LATERAL MÍNIMA DE SEGURIDAD ENTRE VEHÍCULOS.;BUS;1;0;NO;2024;1;23;1;MARTES;19,449722222222224;19;NOCHE;-0,9659258262890684;0,2588190451025203;0,7818314824680298;0,6234898018587336;1;1;9,09;BAJO
2024-01-23;22:08:59.942000;CUENCA;CUENCA;URBANA;-2,903391;-79,001511;LARGA Y ALFONSO JERVES;CHOQUE LATERAL;NO CEDER EL DERECHO DE VÍA O PREFERENCIA DE PASO A VEHÍCULOS.;NO IDENTIFICADO;1;0;NO;2024;1;23;1;MARTES;22,149722222222223;22;NOCHE;-0,5000000000000004;0,8660254037844384;0,7818314824680298;0,6234898018587336;1;2;18,18;BAJO
2024-01-24;10:53:59.942000;CUENCA;CUENCA;URBANA;-2,891722;-79,012368;GASPAR SANGURIMA Y MIGUEL HEREDIA;CAÍDA DE PASAJERO;BAJARSE O SUBIRSE DE VEHÍCULOS EN MOVIMIENTO SIN TOMAR LAS PRECAUCIONES DEBIDAS.;VEHÍCULO DEPORTIVO UTILITARIO;0;0;NO;2024;1;24;2;MIERCOLES;10,899722222222222;10;MANANA;0,49999999999999994;-0,8660254037844387;0,9749279121818236;-0,22252093395631434;0;3;27,27;BAJO
2024-01-25;15:37:59.923000;CUENCA;CUENCA;URBANA;-2,913982;-79,020367;FRAY LUIS DE LEON Y CRISTÓBAL COLÓN;CHOQUE LATERAL;NO RESPETAR LAS SEÑALES REGLAMENTARIAS DE TRÁNSITO. (PARE, CEDA EL PASO, LUZ ROJA DEL SEMAFORO, ETC).;MOTOCICLETA;1;0;NO;2024;1;25;3;JUEVES;15,633055555555556;15;TARDE;-0,7071067811865471;-0,7071067811865479;0,43388373911755823;-0,900968867902419;1;2;18,18;BAJO
2024-01-26;17:06:59.962000;CUENCA;CUENCA;URBANA;-2,858626;-78,932258;PANAMERICANA NORTE Y SN;ESTRELLAMIENTOS;CONDUCIR DESATENTO A LAS CONDICIONES DE TRÁNSITO (CELULAR, PANTALLAS DE VIDEO, COMIDA, MAQUILLAJE O CUALQUIER OTRO ELEMENTO DISTRACTOR).;CAMIONETA;0;0;NO;2024;1;26;4;VIERNES;17,116388888888892;17;TARDE;-0,9659258262890683;-0,25881904510252063;-0,433883739117558;-0,9009688679024191;0;7;63,64;MEDIO
2024-01-26;17:53:59.971000;CUENCA;CUENCA;URBANA;-2,854713;-78,917732;RED ESTATAL E35 KM 692 Y SN;ESTRELLAMIENTOS;CONDUCE BAJO LA INFLUENCIA DE ALCOHOL, SUSTANCIAS ESTUPEFACIENTES O PSICOTRÓPICAS Y/O MEDICAMENTOS.;AUTOMÓVIL;0;0;NO;2024;1;26;4;VIERNES;17,899722222222223;17;TARDE;-0,9659258262890683;-0,25881904510252063;-0,433883739117558;-0,9009688679024191;0;7;63,64;MEDIO
2024-01-27;01:05:59.971000;CUENCA;CUENCA;URBANA;-2,893618;-78,993545;ESPAÑA Y SEBASTIAN DE BENALCAZAR;ESTRELLAMIENTOS;CONDUCIR EN SENTIDO CONTRARIO A LA VÍA NORMAL DE CIRCULACIÓN.;CAMIÓN;1;0;NO;2024;1;27;5;SABADO;1,099722222222222;1;MADRUGADA;0,25881904510252074;0,9659258262890683;-0,9749279121818236;-0,2225209339563146;1;2;18,18;BAJO
2024-01-27;08:53:59.971000;CUENCA;CUENCA;URBANA;-2,877647;-78,995508;DE LA BANDOLINA Y DE LA QUENA;CHOQUE FRONTAL;CONDUCIR DESATENTO A LAS CONDICIONES DE TRÁNSITO (CELULAR, PANTALLAS DE VIDEO, COMIDA, MAQUILLAJE O CUALQUIER OTRO ELEMENTO DISTRACTOR).;NO IDENTIFICADO;1;0;NO;2024;1;27;5;SABADO;8,899722222222222;8;MANANA;0,8660254037844387;-0,4999999999999998;-0,9749279121818236;-0,2225209339563146;1;2;18,18;BAJO
2024-01-28;02:19:59.981000;CUENCA;CUENCA;URBANA;-2,870181;-79,003968;RAFAEL CARPIO ABAD Y DE LOS MANJARES;PÉRDIDA DE PISTA;CONDUCIR DESATENTO A LAS CONDICIONES DE TRÁNSITO (CELULAR, PANTALLAS DE VIDEO, COMIDA, MAQUILLAJE O CUALQUIER OTRO ELEMENTO DISTRACTOR).;AUTOMÓVIL;0;0;NO;2024;1;28;6;DOMINGO;2,333055555555555;2;MADRUGADA;0,49999999999999994;0,8660254037844387;-0,7818314824680299;0,6234898018587334;0;1;9,09;BAJO
2024-01-28;18:11:59.971000;CUENCA;TARQUI (CUENCA);RURAL;-3,010761;-79,031863;VIA A TARQUI - GUALLANZHAPA- TURI Y SN;ESTRELLAMIENTOS;CONDUCIR DESATENTO A LAS CONDICIONES DE TRÁNSITO (CELULAR, PANTALLAS DE VIDEO, COMIDA, MAQUILLAJE O CUALQUIER OTRO ELEMENTO DISTRACTOR).;MOTOCICLETA;1;0;NO;2024;1;28;6;DOMINGO;18,199722222222224;18;NOCHE;-1,0;-1,8369701987210297e-16;-0,7818314824680299;0,6234898018587334;1;1;9,09;BAJO
2024-01-28;23:24:59.962000;CUENCA;NULTI;RURAL;-2,881099;-78,920062;VÍA A JADAN Y VÍA AL ARENAL;OTROS;CONDUCIR DESATENTO A LAS CONDICIONES DE TRÁNSITO (CELULAR, PANTALLAS DE VIDEO, COMIDA, MAQUILLAJE O CUALQUIER OTRO ELEMENTO DISTRACTOR).;AUTOMÓVIL;1;0;NO;2024;1;28;6;DOMINGO;23,41638888888889;23;NOCHE;-0,25881904510252157;0,9659258262890681;-0,7818314824680299;0,6234898018587334;1;1;9,09;BAJO
2024-01-29;17:33:00.086000;CUENCA;CUENCA;URBANA;-2,907709;-79,002171;MANUEL J CALLE Y CORNELIO MERCHAN;CHOQUE LATERAL;NO RESPETAR LAS SEÑALES REGLAMENTARIAS DE TRÁNSITO. (PARE, CEDA EL PASO, LUZ ROJA DEL SEMAFORO, ETC).;AUTOMÓVIL;0;0;NO;2024;1;29;0;LUNES;17,55;17;TARDE;-0,9659258262890683;-0,25881904510252063;0,0;1,0;0;1;9,09;BAJO
2024-01-29;19:03:00.086000;CUENCA;CUENCA;URBANA;-2,859681;-78,933367;PANAMERICANA NORTE Y FRANCIA;CHOQUE LATERAL;NO CEDER EL DERECHO DE VÍA O PREFERENCIA DE PASO A VEHÍCULOS.;AUTOMÓVIL;2;0;NO;2024;1;29;0;LUNES;19,05;19;NOCHE;-0,9659258262890684;0,2588190451025203;0,0;1,0;2;3;27,27;BAJO
2024-01-30;13:06:59.933000;CUENCA;CUENCA;URBANA;-2,915252;-79,004595;27 DE FEBRERO Y ROBERTO CRESPO TORAL;CHOQUE FRONTAL;NO CEDER EL DERECHO DE VÍA O PREFERENCIA DE PASO A VEHÍCULOS.;MOTOCICLETA;1;0;NO;2024;1;30;1;MARTES;13,116388888888888;13;TARDE;-0,2588190451025208;-0,9659258262890683;0,7818314824680298;0,6234898018587336;1;3;27,27;BAJO
2024-02-01;13:19:59.952000;CUENCA;TARQUI (CUENCA);RURAL;-2,988806;-79,045889;E 35 KM 7.5;ESTRELLAMIENTOS;CONDUCIR DESATENTO A LAS CONDICIONES DE TRÁNSITO (CELULAR, PANTALLAS DE VIDEO, COMIDA, MAQUILLAJE O CUALQUIER OTRO ELEMENTO DISTRACTOR).;CAMIÓN;0;0;NO;2024;2;1;3;JUEVES;13,333055555555555;13;TARDE;-0,2588190451025208;-0,9659258262890683;0,43388373911755823;-0,900968867902419;0;1;9,09;BAJO
2024-02-03;18:46:59.923000;CUENCA;TARQUI (CUENCA);RURAL;-2,991333;-79,044972;RED VIAL E 35 KM 6+850 APROXIMADAMENTE.;ATROPELLOS;CONDUCIR DESATENTO A LAS CONDICIONES DE TRÁNSITO (CELULAR, PANTALLAS DE VIDEO, COMIDA, MAQUILLAJE O CUALQUIER OTRO ELEMENTO DISTRACTOR).;NO IDENTIFICADO;0;1;NO;2024;2;3;5;SABADO;18,783055555555556;18;NOCHE;-1,0;-1,8369701987210297e-16;-0,9749279121818236;-0,2225209339563146;1;1;9,09;BAJO
2024-02-05;09:00:00.086000;CUENCA;TARQUI (CUENCA);RURAL;-2,987388;-79,046972;RED VIAL E 35 KM 7;COLISIÓN;NO MANTENER LA DISTANCIA PRUDENCIAL CON RESPECTO AL VEHÍCULO QUE LE ANTECEDE.;AUTOMÓVIL;0;0;NO;2024;2;5;0;LUNES;9,0;9;MANANA;0,7071067811865476;-0,7071067811865475;0,0;1,0;0;1;9,09;BAJO
2024-02-05;19:09:59.990000;CUENCA;CUMBE;RURAL;-3,166277;-79,032916;RED VIAL E 35 KM 20 APROX.;PÉRDIDA DE CARRIL;CONDUCIR DESATENTO A LAS CONDICIONES DE TRÁNSITO (CELULAR, PANTALLAS DE VIDEO, COMIDA, MAQUILLAJE O CUALQUIER OTRO ELEMENTO DISTRACTOR).;AUTOMÓVIL;0;0;NO;2024;2;5;0;LUNES;19,16638888888889;19;NOCHE;-0,9659258262890684;0,2588190451025203;0,0;1,0;0;1;9,09;BAJO
2024-02-07;08:52:59.923000;CUENCA;SAYAUSI;RURAL;-2,786305;-79,195777;RED VIAL E 582 KM 26 APROXIMADAMENTE.;ROZAMIENTOS;NO GUARDAR LA DISTANCIA LATERAL MÍNIMA DE SEGURIDAD ENTRE VEHÍCULOS.;CAMIONETA;0;0;NO;2024;2;7;2;MIERCOLES;8,883055555555556;8;MANANA;0,8660254037844387;-0,4999999999999998;0,9749279121818236;-0,22252093395631434;0;1;9,09;BAJO
2024-02-11;07:14:59.971000;CUENCA;TARQUI (CUENCA);RURAL;-2,963888;-79,060555;SE  ENCUENTRA UBICADO EN LA RED VIAL  E-35  SENTIDO CUMBE ¿ LOJA KM 9 APROXIMADAMENTE JUNTO AL POSTE DE TENDIDO ELÉCTRICO Nº286681;PÉRDIDA DE CARRIL;CONDUCIR DESATENTO A LAS CONDICIONES DE TRÁNSITO (CELULAR, PANTALLAS DE VIDEO, COMIDA, MAQUILLAJE O CUALQUIER OTRO ELEMENTO DISTRACTOR).;CAMIONETA;0;0;NO;2024;2;11;6;DOMINGO;7,249722222222222;7;MANANA;0,9659258262890683;-0,25881904510252063;-0,7818314824680299;0,6234898018587334;0;1;9,09;BAJO
2024-02-15;01:34:59.981000;CUENCA;BAÑOS (CUENCA);RURAL;-2,950666;-79,047555;RED VIAL E 35 KM 3 SENTIDO GIRON-CUENCA.;PÉRDIDA DE CARRIL;CONDUCIR DESATENTO A LAS CONDICIONES DE TRÁNSITO (CELULAR, PANTALLAS DE VIDEO, COMIDA, MAQUILLAJE O CUALQUIER OTRO ELEMENTO DISTRACTOR).;CAMIÓN;0;0;NO;2024;2;15;3;JUEVES;1,5830555555555554;1;MADRUGADA;0,25881904510252074;0,9659258262890683;0,43388373911755823;-0,900968867902419;0;1;9,09;BAJO
2024-02-15;03:29:59.971000;CUENCA;SAYAUSI;RURAL;-2,777361;-79,241666;RED VIAL E 582 KM 35+840;PÉRDIDA DE CARRIL;CONDUCIR DESATENTO A LAS CONDICIONES DE TRÁNSITO (CELULAR, PANTALLAS DE VIDEO, COMIDA, MAQUILLAJE O CUALQUIER OTRO ELEMENTO DISTRACTOR).;VEHÍCULO DEPORTIVO UTILITARIO;0;0;NO;2024;2;15;3;JUEVES;3,499722222222222;3;MADRUGADA;0,7071067811865476;0,7071067811865476;0,43388373911755823;-0,900968867902419;0;1;9,09;BAJO
2024-02-01;21:39:59.933000;CUENCA;CUENCA;URBANA;-2,903894;-79,019455;PICHINCHA Y LORENZO PIEDRA;CHOQUE LATERAL;NO RESPETAR LAS SEÑALES MANUALES DEL AGENTE DE TRÁNSITO.;MOTOCICLETA;1;0;NO;2024;2;1;3;JUEVES;21,66638888888889;21;NOCHE;-0,7071067811865477;0,7071067811865474;0,43388373911755823;-0,900968867902419;1;4;36,36;BAJO
2024-02-02;07:51:59.933000;CUENCA;CUENCA;URBANA;-2,908608;-79,037287;LUIS MOSCOSO Y RICARDO MARQUEZ TAPIA;CHOQUE LATERAL;CONDUCIR EN SENTIDO CONTRARIO A LA VÍA NORMAL DE CIRCULACIÓN.;MOTOCICLETA;1;0;NO;2024;2;2;4;VIERNES;7,866388888888888;7;MANANA;0,9659258262890683;-0,25881904510252063;-0,433883739117558;-0,9009688679024191;1;5;45,45;MEDIO
2024-02-02;18:05:59.942000;CUENCA;CUENCA;URBANA;-2,869868;-78,976303;LOS MIGRANTES Y EDMUNDO GRANDA UGALDE;PÉRDIDA DE CARRIL;CONDUCIR DESATENTO A LAS CONDICIONES DE TRÁNSITO (CELULAR, PANTALLAS DE VIDEO, COMIDA, MAQUILLAJE O CUALQUIER OTRO ELEMENTO DISTRACTOR).;NO IDENTIFICADO;1;0;NO;2024;2;2;4;VIERNES;18,099722222222223;18;NOCHE;-1,0;-1,8369701987210297e-16;-0,433883739117558;-0,9009688679024191;1;6;54,55;MEDIO
2024-02-02;19:52:59.981000;CUENCA;QUINGEO;RURAL;-3,013284;-78,949288;VIA A QUINGEO Y SN;PÉRDIDA DE PISTA;CONDUCE BAJO LA INFLUENCIA DE ALCOHOL, SUSTANCIAS ESTUPEFACIENTES O PSICOTRÓPICAS Y/O MEDICAMENTOS.;AUTOMÓVIL;3;0;NO;2024;2;2;4;VIERNES;19,883055555555558;19;NOCHE;-0,9659258262890684;0,2588190451025203;-0,433883739117558;-0,9009688679024191;3;1;9,09;BAJO
2024-02-02;21:00:00.086000;CUENCA;SININCAY;URBANA;-2,859732;-79,005233;MANUEL ANTONIO MUÑOZ BORRERO Y SN;CHOQUE LATERAL;CONDUCIR EN SENTIDO CONTRARIO A LA VÍA NORMAL DE CIRCULACIÓN.;AUTOMÓVIL;1;0;NO;2024;2;2;4;VIERNES;21,0;21;NOCHE;-0,7071067811865477;0,7071067811865474;-0,433883739117558;-0,9009688679024191;1;1;9,09;BAJO
2024-02-03;00:00:59.962000;CUENCA;TURI;RURAL;-2,927623;-79,035825;VIA AL CALVARIO Y SN;ESTRELLAMIENTOS;CONDUCE BAJO LA INFLUENCIA DE ALCOHOL, SUSTANCIAS ESTUPEFACIENTES O PSICOTRÓPICAS Y/O MEDICAMENTOS.;FURGONETA;2;0;NO;2024;2;3;5;SABADO;0,01638888888888889;0;MADRUGADA;0,0;1,0;-0,9749279121818236;-0,2225209339563146;2;1;9,09;BAJO
2024-02-03;01:39:00.086000;CUENCA;CUENCA;URBANA;-2,913428;-79,031008;LOJA Y DON BOSCO;PÉRDIDA DE CARRIL;CONDUCIR DESATENTO A LAS CONDICIONES DE TRÁNSITO (CELULAR, PANTALLAS DE VIDEO, COMIDA, MAQUILLAJE O CUALQUIER OTRO ELEMENTO DISTRACTOR).;AUTOMÓVIL;0;0;NO;2024;2;3;5;SABADO;1,65;1;MADRUGADA;0,25881904510252074;0,9659258262890683;-0,9749279121818236;-0,2225209339563146;0;4;36,36;BAJO
2024-02-03;19:05:59.971000;CUENCA;VALLE;URBANA;-2,912001;-78,984039;RED ESTATAL E35 KM 702 Y SN;PÉRDIDA DE PISTA;CONDUCIR DESATENTO A LAS CONDICIONES DE TRÁNSITO (CELULAR, PANTALLAS DE VIDEO, COMIDA, MAQUILLAJE O CUALQUIER OTRO ELEMENTO DISTRACTOR).;VEHÍCULO DEPORTIVO UTILITARIO;0;0;NO;2024;2;3;5;SABADO;19,099722222222223;19;NOCHE;-0,9659258262890684;0,2588190451025203;-0,9749279121818236;-0,2225209339563146;0;1;9,09;BAJO
2024-02-03;19:30:00.086000;CUENCA;CUENCA;URBANA;-2,921453;-79,031536;PUERTO DE PALOS Y DIEGO DE ALMAGRO;ESTRELLAMIENTOS;NO MANTENER LA DISTANCIA PRUDENCIAL CON RESPECTO AL VEHÍCULO QUE LE ANTECEDE.;AUTOMÓVIL;0;0;NO;2024;2;3;5;SABADO;19,5;19;NOCHE;-0,9659258262890684;0,2588190451025203;-0,9749279121818236;-0,2225209339563146;0;9;81,82;ALTO
2024-02-03;20:20:59.942000;CUENCA;CUENCA;URBANA;-2,906332;-78,983551;MAX UHLE Y PUMAPUNGO;COLISIÓN;CONDUCE BAJO LA INFLUENCIA DE ALCOHOL, SUSTANCIAS ESTUPEFACIENTES O PSICOTRÓPICAS Y/O MEDICAMENTOS.;AUTOMÓVIL;2;0;NO;2024;2;3;5;SABADO;20,349722222222223;20;NOCHE;-0,8660254037844386;0,5000000000000001;-0,9749279121818236;-0,2225209339563146;2;9;81,82;ALTO
2024-02-03;22:19:59.952000;CUENCA;SIDCAY;RURAL;-2,821461;-78,957133;VIA A DELEG Y VIA A LA CRUZ DE SAN VICENTE DE SIDCAY;PÉRDIDA DE CARRIL;CONDUCIR DESATENTO A LAS CONDICIONES DE TRÁNSITO (CELULAR, PANTALLAS DE VIDEO, COMIDA, MAQUILLAJE O CUALQUIER OTRO ELEMENTO DISTRACTOR).;MOTOCICLETA;1;0;NO;2024;2;3;5;SABADO;22,333055555555557;22;NOCHE;-0,5000000000000004;0,8660254037844384;-0,9749279121818236;-0,2225209339563146;1;1;9,09;BAJO
2024-02-03;22:55:59.952000;CUENCA;CUENCA;URBANA;-2,863146;-78,937558;PANAMERICANA NORTE Y SN;ESTRELLAMIENTOS;CONDUCIR DESATENTO A LAS CONDICIONES DE TRÁNSITO (CELULAR, PANTALLAS DE VIDEO, COMIDA, MAQUILLAJE O CUALQUIER OTRO ELEMENTO DISTRACTOR).;AUTOMÓVIL;0;0;NO;2024;2;3;5;SABADO;22,93305555555556;22;NOCHE;-0,5000000000000004;0,8660254037844384;-0,9749279121818236;-0,2225209339563146;0;9;81,82;ALTO
2024-02-04;05:08:59.971000;CUENCA;CUENCA;URBANA;-2,887501;-78,979117;HURTADO DE MENDOZA Y LOS ANDES;PÉRDIDA DE CARRIL;CONDUCIR DESATENTO A LAS CONDICIONES DE TRÁNSITO (CELULAR, PANTALLAS DE VIDEO, COMIDA, MAQUILLAJE O CUALQUIER OTRO ELEMENTO DISTRACTOR).;AUTOMÓVIL;0;0;NO;2024;2;4;6;DOMINGO;5,1497222222222225;5;MADRUGADA;0,9659258262890683;0,25881904510252074;-0,7818314824680299;0,6234898018587334;0;4;36,36;BAJO
2024-02-04;08:24:59.962000;CUENCA;CUENCA;URBANA;-2,893747;-79,000282;VEGA MUÑOZ Y MARIANO CUEVA;ATROPELLOS;NO CEDER EL DERECHO DE VÍA O PREFERENCIA DE PASO AL PEATÓN.;VEHÍCULO DEPORTIVO UTILITARIO;1;0;NO;2024;2;4;6;DOMINGO;8,41638888888889;8;MANANA;0,8660254037844387;-0,4999999999999998;-0,7818314824680299;0,6234898018587334;1;5;45,45;MEDIO
2024-02-04;13:35:59.942000;CUENCA;CUENCA;URBANA;-2,922512;-78,994472;JUAN DE LA CUEVA Y WILLIAM SHAKESPEARE;CHOQUE LATERAL;NO RESPETAR LAS SEÑALES MANUALES DEL AGENTE DE TRÁNSITO.;CAMIONETA;4;0;NO;2024;2;4;6;DOMINGO;13,599722222222223;13;TARDE;-0,2588190451025208;-0,9659258262890683;-0,7818314824680299;0,6234898018587334;4;2;18,18;BAJO