FECHA;HORA;CANTON;PARROQUIA;ZONA;LATITUD_Y;LONGITUD_X;DIRECCION;TIPO_DE_SINIESTRO;CAUSA_PROBABLE;TIPO_DE_VEHICULO_1;LESIONADOS;FALLECIDOS;FERIADO;ANIO;MES;DIA;DIA_SEMANA;NOMBRE_DIA;HORA_DECIMAL;HORA_NUM;RANGO_HORARIO;HORA_SIN;HORA_COS;DIA_SIN;DIA_COS;TOTAL_VICTIMAS;NUM_ACCIDENTES;RIESGO_PORCENTAJE;NIVEL_RIESGO
2024-03-13;08:33:59.962000;CUENCA;CUENCA;URBANA;-2,884435;-79,002369;AV AMERICAS Y ABELARDO J ANDRADE;CHOQUE LATERAL;NO GUARDAR LA DISTANCIA LATERAL MÍNIMA DE SEGURIDAD ENTRE VEHÍCULOS.;MOTOCICLETA;2;0;NO;2024;3;13;2;MIERCOLES;8,56638888888889;8;MANANA;0,8660254037844387;-0,4999999999999998;0,9749279121818236;-0,22252093395631434;2;5;45,45;MEDIO
2024-03-13;10:16:59.981000;CUENCA;CUENCA;URBANA;-2,882595;-78,959515;PANAMERICANA NORTE Y JOAQUIN GALARZA;COLISIÓN;NO MANTENER LA DISTANCIA PRUDENCIAL CON RESPECTO AL VEHÍCULO QUE LE ANTECEDE.;VEHÍCULO DEPORTIVO UTILITARIO;1;0;NO;2024;3;13;2;MIERCOLES;10,283055555555556;10;MANANA;0,49999999999999994;-0,8660254037844387;0,9749279121818236;-0,22252093395631434;1;5;45,45;MEDIO
2024-03-13;23:26:59.971000;CUENCA;CUENCA;URBANA;-2,915931;-79,023031;DON BOSCO Y 12 DE OCTUBRE;CHOQUE LATERAL;NO RESPETAR LAS SEÑALES REGLAMENTARIAS DE TRÁNSITO. (PARE, CEDA EL PASO, LUZ ROJA DEL SEMAFORO, ETC).;VEHÍCULO DEPORTIVO UTILITARIO;1;0;NO;2024;3;13;2;MIERCOLES;23,449722222222224;23;NOCHE;-0,25881904510252157;0,9659258262890681;0,9749279121818236;-0,22252093395631434;1;3;27,27;BAJO
2024-03-14;07:58:59.923000;CUENCA;CUENCA;URBANA;-2,900492;-78,975778;POPAYAN Y BRASILIA;CHOQUE LATERAL;NO RESPETAR LAS SEÑALES REGLAMENTARIAS DE TRÁNSITO. (PARE, CEDA EL PASO, LUZ ROJA DEL SEMAFORO, ETC).;AUTOMÓVIL;0;0;NO;2024;3;14;3;JUEVES;7,983055555555556;7;MANANA;0,9659258262890683;-0,25881904510252063;0,43388373911755823;-0,900968867902419;0;2;18,18;BAJO
2024-03-14;19:51:59.933000;CUENCA;CUENCA;URBANA;-2,881503;-78,984297;AV AMERICAS Y LAS LADERAS;CHOQUE POSTERIOR;NO MANTENER LA DISTANCIA PRUDENCIAL CON RESPECTO AL VEHÍCULO QUE LE ANTECEDE.;AUTOMÓVIL;0;0;NO;2024;3;14;3;JUEVES;19,866388888888892;19;NOCHE;-0,9659258262890684;0,2588190451025203;0,43388373911755823;-0,900968867902419;0;2;18,18;BAJO
2024-03-15;15:47:59.971000;CUENCA;CUENCA;URBANA;-2,879745;-78,966611;ANTONIO RICAURTE Y PANAMERICANA NORTE;CHOQUE POSTERIOR;NO MANTENER LA DISTANCIA PRUDENCIAL CON RESPECTO AL VEHÍCULO QUE LE ANTECEDE.;VEHÍCULO DEPORTIVO UTILITARIO;1;0;NO;2024;3;15;4;VIERNES;15,799722222222222;15;TARDE;-0,7071067811865471;-0,7071067811865479;-0,433883739117558;-0,9009688679024191;1;3;27,27;BAJO
2024-03-15;23:49:59.952000;CUENCA;CUENCA;URBANA;-2,886001;-78,998963;MARIANO CUEVA Y AV AMERICAS;ESTRELLAMIENTOS;CONDUCIR DESATENTO A LAS CONDICIONES DE TRÁNSITO (CELULAR, PANTALLAS DE VIDEO, COMIDA, MAQUILLAJE O CUALQUIER OTRO ELEMENTO DISTRACTOR).;CAMIONETA;0;0;NO;2024;3;15;4;VIERNES;23,833055555555557;23;NOCHE;-0,25881904510252157;0,9659258262890681;-0,433883739117558;-0,9009688679024191;0;2;18,18;BAJO
2024-03-16;02:16:59.923000;CUENCA;CUENCA;URBANA;-2,914141;-78,996831;10 DE AGOSTO Y  27 DE FEBRERO;PÉRDIDA DE PISTA;CONDUCIR DESATENTO A LAS CONDICIONES DE TRÁNSITO (CELULAR, PANTALLAS DE VIDEO, COMIDA, MAQUILLAJE O CUALQUIER OTRO ELEMENTO DISTRACTOR).;VEHÍCULO DEPORTIVO UTILITARIO;0;0;NO;2024;3;16;5;SABADO;2,2830555555555554;2;MADRUGADA;0,49999999999999994;0,8660254037844387;-0,9749279121818236;-0,2225209339563146;0;3;27,27;BAJO
2024-03-16;04:43:59.981000;CUENCA;CUENCA;URBANA;-2,885198;-79,044045;DEL TEJAR Y J. FERNANDEZ DE CÓRDOVA;PÉRDIDA DE PISTA;CONDUCIR DESATENTO A LAS CONDICIONES DE TRÁNSITO (CELULAR, PANTALLAS DE VIDEO, COMIDA, MAQUILLAJE O CUALQUIER OTRO ELEMENTO DISTRACTOR).;AUTOMÓVIL;0;0;NO;2024;3;16;5;SABADO;4,733055555555556;4;MADRUGADA;0,8660254037844386;0,5000000000000001;-0,9749279121818236;-0,2225209339563146;0;3;27,27;BAJO
2024-03-16;13:07:59.981000;CUENCA;CUENCA;URBANA;-2,886596;-79,006206;EUGENIO ESPEJO Y PEDRO LEON;CHOQUE LATERAL;NO RESPETAR LAS SEÑALES REGLAMENTARIAS DE TRÁNSITO. (PARE, CEDA EL PASO, LUZ ROJA DEL SEMAFORO, ETC).;CAMIONETA;1;0;NO;2024;3;16;5;SABADO;13,133055555555556;13;TARDE;-0,2588190451025208;-0,9659258262890683;-0,9749279121818236;-0,2225209339563146;1;2;18,18;BAJO
2024-03-16;13:19:59.952000;CUENCA;VALLE;RURAL;-2,942982;-78,960848;VIA A SAN BARTOLOME Y SN;PÉRDIDA DE PISTA;CONDUCIR DESATENTO A LAS CONDICIONES DE TRÁNSITO (CELULAR, PANTALLAS DE VIDEO, COMIDA, MAQUILLAJE O CUALQUIER OTRO ELEMENTO DISTRACTOR).;MOTOCICLETA;0;1;NO;2024;3;16;5;SABADO;13,333055555555555;13;TARDE;-0,2588190451025208;-0,9659258262890683;-0,9749279121818236;-0,2225209339563146;1;1;9,09;BAJO
2024-03-16;19:41:59.971000;CUENCA;CUENCA;URBANA;-2,881382;-78,962683;PANAMERICANA NORTE Y GENERAL JOSÉ MARÍA URBINA;CHOQUE LATERAL;CONDUCE BAJO LA INFLUENCIA DE ALCOHOL, SUSTANCIAS ESTUPEFACIENTES O PSICOTRÓPICAS Y/O MEDICAMENTOS.;MOTOCICLETA;1;0;NO;2024;3;16;5;SABADO;19,699722222222224;19;NOCHE;-0,9659258262890684;0,2588190451025203;-0,9749279121818236;-0,2225209339563146;1;5;45,45;MEDIO
2024-03-16;21:23:59.942000;CUENCA;CUENCA;URBANA;-2,928683;-79,041599;MIGUEL DE FALLA Y BETHOVEN;ESTRELLAMIENTOS;CONDUCIR DESATENTO A LAS CONDICIONES DE TRÁNSITO (CELULAR, PANTALLAS DE VIDEO, COMIDA, MAQUILLAJE O CUALQUIER OTRO ELEMENTO DISTRACTOR).;VEHÍCULO DEPORTIVO UTILITARIO;0;0;NO;2024;3;16;5;SABADO;21,399722222222223;21;NOCHE;-0,7071067811865477;0,7071067811865474;-0,9749279121818236;-0,2225209339563146;0;5;45,45;MEDIO
2024-03-16;22:31:59.923000;CUENCA;CUENCA;URBANA;-2,920895;-79,018695;RED ESTATAL E 35 KM 706 Y FELIPE II;CHOQUE POSTERIOR;CONDUCE BAJO LA INFLUENCIA DE ALCOHOL, SUSTANCIAS ESTUPEFACIENTES O PSICOTRÓPICAS Y/O MEDICAMENTOS.;AUTOMÓVIL;3;0;NO;2024;3;16;5;SABADO;22,533055555555556;22;NOCHE;-0,5000000000000004;0,8660254037844384;-0,9749279121818236;-0,2225209339563146;3;5;45,45;MEDIO
2024-03-17;03:02:59.971000;CUENCA;CUENCA;URBANA;-2,906125;-78,983692;MAX UHLE Y PUMAPUNGO;ESTRELLAMIENTOS;CONDUCIR DESATENTO A LAS CONDICIONES DE TRÁNSITO (CELULAR, PANTALLAS DE VIDEO, COMIDA, MAQUILLAJE O CUALQUIER OTRO ELEMENTO DISTRACTOR).;VEHÍCULO DEPORTIVO UTILITARIO;0;0;NO;2024;3;17;6;DOMINGO;3,049722222222222;3;MADRUGADA;0,7071067811865476;0,7071067811865476;-0,7818314824680299;0,6234898018587334;0;5;45,45;MEDIO
2024-03-17;09:45:00.086000;CUENCA;CUMBE;RURAL;-3,078423;-79,015453;24 DE MAYO Y IGNACIO DOMINGUEZ;ATROPELLOS;CONDUCIR DESATENTO A LAS CONDICIONES DE TRÁNSITO (CELULAR, PANTALLAS DE VIDEO, COMIDA, MAQUILLAJE O CUALQUIER OTRO ELEMENTO DISTRACTOR).;AUTOMÓVIL;1;0;NO;2024;3;17;6;DOMINGO;9,75;9;MANANA;0,7071067811865476;-0,7071067811865475;-0,7818314824680299;0,6234898018587334;1;1;9,09;BAJO
2024-03-17;17:33:59.962000;CUENCA;CUENCA;URBANA;-2,874308;-78,983659;DEL TORIL Y BARRIAL BLANCO;CHOQUE LATERAL;NO RESPETAR LAS SEÑALES REGLAMENTARIAS DE TRÁNSITO. (PARE, CEDA EL PASO, LUZ ROJA DEL SEMAFORO, ETC).;MOTOCICLETA;1;0;NO;2024;3;17;6;DOMINGO;17,56638888888889;17;TARDE;-0,9659258262890683;-0,25881904510252063;-0,7818314824680299;0,6234898018587334;1;4;36,36;BAJO
2024-03-17;19:07:59.981000;CUENCA;TARQUI (CUENCA);RURAL;-3,009599;-79,007492;VÍA A CHILCA TOTORA Y SN;CHOQUE LATERAL;NO GUARDAR LA DISTANCIA LATERAL MÍNIMA DE SEGURIDAD ENTRE VEHÍCULOS.;NO IDENTIFICADO;1;0;NO;2024;3;17;6;DOMINGO;19,133055555555558;19;NOCHE;-0,9659258262890684;0,2588190451025203;-0,7818314824680299;0,6234898018587334;1;3;27,27;BAJO
2024-03-17;01:41:59.971000;CUENCA;TARQUI (CUENCA);RURAL;-3,017194;-79,040139;RED VIAL E 35 KM 11;ROZAMIENTOS;NO GUARDAR LA DISTANCIA LATERAL MÍNIMA DE SEGURIDAD ENTRE VEHÍCULOS.;AUTOMÓVIL;0;0;NO;2024;3;17;6;DOMINGO;1,6997222222222221;1;MADRUGADA;0,25881904510252074;0,9659258262890683;-0,7818314824680299;0,6234898018587334;0;1;9,09;BAJO
2024-03-17;18:52:59.952000;CUENCA;TARQUI (CUENCA);RURAL;-2,963251;-79,049778;RED VIAL E 35 KM 3.5;COLISIÓN;NO MANTENER LA DISTANCIA PRUDENCIAL CON RESPECTO AL VEHÍCULO QUE LE ANTECEDE.;CAMIÓN;1;0;NO;2024;3;17;6;DOMINGO;18,883055555555558;18;NOCHE;-1,0;-1,8369701987210297e-16;-0,7818314824680299;0,6234898018587334;1;3;27,27;BAJO
2024-03-17;21:14:59.942000;CUENCA;VICTORIA DEL PORTETE;RURAL;-3,058722;-79,050639;E 59 KM 16;ATROPELLOS;CONDUCIR DESATENTO A LAS CONDICIONES DE TRÁNSITO (CELULAR, PANTALLAS DE VIDEO, COMIDA, MAQUILLAJE O CUALQUIER OTRO ELEMENTO DISTRACTOR).;NO IDENTIFICADO;0;1;NO;2024;3;17;6;DOMINGO;21,249722222222225;21;NOCHE;-0,7071067811865477;0,7071067811865474;-0,7818314824680299;0,6234898018587334;1;1;9,09;BAJO
2024-03-18;16:30:00.086000;CUENCA;CUENCA;URBANA;-2,890573;-79,035383;VICTOR MANUEL ALBORNOZ Y DE LOS CEREZOS;CAÍDA DE PASAJERO;BAJARSE O SUBIRSE DE VEHÍCULOS EN MOVIMIENTO SIN TOMAR LAS PRECAUCIONES DEBIDAS.;BUS;1;0;NO;2024;3;18;0;LUNES;16,5;16;TARDE;-0,8660254037844385;-0,5000000000000004;0,0;1,0;1;3;27,27;BAJO
2024-03-18;19:23:59.971000;CUENCA;CUENCA;URBANA;-2,905142;-78,990335;EL OBSERVADOR Y EL REBENQUE;CHOQUE LATERAL;NO RESPETAR LAS SEÑALES REGLAMENTARIAS DE TRÁNSITO. (PARE, CEDA EL PASO, LUZ ROJA DEL SEMAFORO, ETC).;AUTOMÓVIL;0;0;NO;2024;3;18;0;LUNES;19,399722222222223;19;NOCHE;-0,9659258262890684;0,2588190451025203;0,0;1,0;0;3;27,27;BAJO
2024-03-19;18:39:59.933000;CUENCA;CUENCA;URBANA;-2,887664;-79,008991;HÉROES DE VERDELOMA Y ESTEVEZ DE TORAL;ATROPELLOS;NO RESPETAR LAS SEÑALES REGLAMENTARIAS DE TRÁNSITO. (PARE, CEDA EL PASO, LUZ ROJA DEL SEMAFORO, ETC).;MOTOCICLETA;1;0;NO;2024;3;19;1;MARTES;18,66638888888889;18;NOCHE;-1,0;-1,8369701987210297e-16;0,7818314824680298;0,6234898018587336;1;4;36,36;BAJO
2024-03-19;08:07:59.923000;CUENCA;TARQUI (CUENCA);RURAL;-2,993639;-79,045751;RED VIAL E 35 KM 8 APROX. SENTIDO T DE TARQUI-CUENCA.;CHOQUE LATERAL;NO RESPETAR LAS SEÑALES REGLAMENTARIAS DE TRÁNSITO. (PARE, CEDA EL PASO, LUZ ROJA DEL SEMAFORO, ETC).;BICICLETA;1;0;NO;2024;3;19;1;MARTES;8,133055555555556;8;MANANA;0,8660254037844387;-0,4999999999999998;0,7818314824680298;0,6234898018587336;1;1;9,09;BAJO
2024-03-20;08:15:59.962000;CUENCA;CUENCA;URBANA;-2,882437;-78,984747;DE LAS LADERAS Y CALLE VIEJA;ATROPELLOS;PEATÓN QUE CRUZA LA CALZADA SIN RESPETAR LA SEÑALIZACIÓN EXISTENTE (SEMÁFOROS O SEÑALES MANUALES).;BUS;1;0;NO;2024;3;20;2;MIERCOLES;8,266388888888889;8;MANANA;0,8660254037844387;-0,4999999999999998;0,9749279121818236;-0,22252093395631434;1;5;45,45;MEDIO
2024-03-20;17:37:59.981000;CUENCA;CUENCA;URBANA;-2,924911;-79,038016;RED ESTATAL E35 Y CALLE DE LA OPERA;OTROS;CASO FORTUITO O FUERZA MAYOR (EXPLOSIÓN DE NEUMÁTICO NUEVO, DERRUMBE, INUNDACIÓN, CAÍDA DE PUENTE, ÁRBOL, PRESENCIA INTEMPESTIVA E IMPREVISTA DE SEMOVIENTES EN LA VÍA, ETC.).;NO IDENTIFICADO;0;0;NO;2024;3;20;2;MIERCOLES;17,633055555555558;17;TARDE;-0,9659258262890683;-0,25881904510252063;0,9749279121818236;-0,22252093395631434;0;6;54,55;MEDIO
2024-03-20;19:34:59.981000;CUENCA;CUENCA;URBANA;-2,904612;-79,001613;12 DE ABRIL Y FLORENCIA ASTUDILLO;PÉRDIDA DE CARRIL;CONDUCIR DESATENTO A LAS CONDICIONES DE TRÁNSITO (CELULAR, PANTALLAS DE VIDEO, COMIDA, MAQUILLAJE O CUALQUIER OTRO ELEMENTO DISTRACTOR).;AUTOMÓVIL;0;0;NO;2024;3;20;2;MIERCOLES;19,583055555555557;19;NOCHE;-0,9659258262890684;0,2588190451025203;0,9749279121818236;-0,22252093395631434;0;3;27,27;BAJO
2024-03-21;06:49:59.981000;CUENCA;CUENCA;URBANA;-2,906563;-79,022519;10 DE AGOSTO Y HORTENCIA MATA;PÉRDIDA DE CARRIL;CONDUCIR DESATENTO A LAS CONDICIONES DE TRÁNSITO (CELULAR, PANTALLAS DE VIDEO, COMIDA, MAQUILLAJE O CUALQUIER OTRO ELEMENTO DISTRACTOR).;MOTOCICLETA;1;0;NO;2024;3;21;3;JUEVES;6,833055555555555;6;MANANA;1,0;6,123233995736766e-17;0,43388373911755823;-0,900968867902419;1;2;18,18;BAJO
2024-03-21;13:37:59.952000;CUENCA;CUENCA;URBANA;-2,933376;-79,044367;PANAMERICANA SUR Y DE LA SERENATA;ATROPELLOS;NO TRANSITAR POR LAS ACERAS O ZONAS DE SEGURIDAD DESTINADAS PARA EL EFECTO.;MOTOCICLETA;2;0;NO;2024;3;21;3;JUEVES;13,633055555555556;13;TARDE;-0,2588190451025208;-0,9659258262890683;0,43388373911755823;-0,900968867902419;2;4;36,36;BAJO
2024-03-21;16:35:59.942000;CUENCA;CUENCA;URBANA;-2,868019;-78,935931;RED ESTATAL E35 KM 694 Y SN;CHOQUE POSTERIOR;NO MANTENER LA DISTANCIA PRUDENCIAL CON RESPECTO AL VEHÍCULO QUE LE ANTECEDE.;VEHÍCULO DEPORTIVO UTILITARIO;2;0;NO;2024;3;21;3;JUEVES;16,599722222222223;16;TARDE;-0,8660254037844385;-0,5000000000000004;0,43388373911755823;-0,900968867902419;2;4;36,36;BAJO
2024-03-21;17:29:59.942000;CUENCA;TURI;RURAL;-2,929851;-79,012105;VIA AL CRS TURI Y SN;PÉRDIDA DE PISTA;CONDUCE BAJO LA INFLUENCIA DE ALCOHOL, SUSTANCIAS ESTUPEFACIENTES O PSICOTRÓPICAS Y/O MEDICAMENTOS.;VEHÍCULO DEPORTIVO UTILITARIO;0;0;NO;2024;3;21;3;JUEVES;17,499722222222225;17;TARDE;-0,9659258262890683;-0,25881904510252063;0,43388373911755823;-0,900968867902419;0;1;9,09;BAJO
2024-03-21;19:16:59.981000;CUENCA;CUENCA;URBANA;-2,905019;-79,000002;BAJADA DE TODOS SANTOS Y BAJADA DE LOS MOLINOS;PÉRDIDA DE PISTA;REALIZAR CAMBIO BRUSCO O INDEBIDO DE CARRIL.;AUTOMÓVIL;3;0;NO;2024;3;21;3;JUEVES;19,283055555555556;19;NOCHE;-0,9659258262890684;0,2588190451025203;0,43388373911755823;-0,900968867902419;3;2;18,18;BAJO
2024-03-21;07:59:59.971000;CUENCA;VICTORIA DEL PORTETE;RURAL;-3,070969;-79,061277;SE  ENCUENTRA UBICADO EN LA RED VIAL E-35  SENTIDO  CUMBE ¿ GIRON   AL LLEGAR AL KM 19+500 APROXIMADAMENTE  FRENTE AL POSTE DE ALUMBRADO PÚBLICO 494973;CHOQUE LATERAL;NO RESPETAR LAS SEÑALES REGLAMENTARIAS DE TRÁNSITO. (PARE, CEDA EL PASO, LUZ ROJA DEL SEMAFORO, ETC).;CAMIONETA;0;0;NO;2024;3;21;3;JUEVES;7,999722222222222;7;MANANA;0,9659258262890683;-0,25881904510252063;0,43388373911755823;-0,900968867902419;0;1;9,09;BAJO
2024-03-22;07:03:00.086000;CUENCA;CUENCA;URBANA;-2,919623;-79,039105;AV AMERICAS Y MANUEL QUIROGA;CHOQUE POSTERIOR;CONDUCE BAJO LA INFLUENCIA DE ALCOHOL, SUSTANCIAS ESTUPEFACIENTES O PSICOTRÓPICAS Y/O MEDICAMENTOS.;AUTOMÓVIL;0;0;NO;2024;3;22;4;VIERNES;7,05;7;MANANA;0,9659258262890683;-0,25881904510252063;-0,433883739117558;-0,9009688679024191;0;3;27,27;BAJO
2024-03-22;09:54:59.962000;CUENCA;CUENCA;URBANA;-2,886489;-78,977847;HURTADO DE MENDOZA Y REVENTADOR;CHOQUE LATERAL;NO RESPETAR LAS SEÑALES REGLAMENTARIAS DE TRÁNSITO. (PARE, CEDA EL PASO, LUZ ROJA DEL SEMAFORO, ETC).;MOTOCICLETA;1;0;NO;2024;3;22;4;VIERNES;9,91638888888889;9;MANANA;0,7071067811865476;-0,7071067811865475;-0,433883739117558;-0,9009688679024191;1;3;27,27;BAJO
2024-03-22;10:07:59.981000;CUENCA;CUENCA;URBANA;-2,894759;-78,988599;HURTADO DE MENDOZA Y RIO CUTUCU;CHOQUE LATERAL;NO CEDER EL DERECHO DE VÍA O PREFERENCIA DE PASO A VEHÍCULOS.;MOTOCICLETA;1;0;NO;2024;3;22;4;VIERNES;10,133055555555556;10;MANANA;0,49999999999999994;-0,8660254037844387;-0,433883739117558;-0,9009688679024191;1;3;27,27;BAJO
2024-03-22;17:36:59.933000;CUENCA;CHIQUINTAD;RURAL;-2,834646;-78,995647;VIA A TIXAN Y SN;PÉRDIDA DE PISTA;CONDUCE BAJO LA INFLUENCIA DE ALCOHOL, SUSTANCIAS ESTUPEFACIENTES O PSICOTRÓPICAS Y/O MEDICAMENTOS.;NO IDENTIFICADO;2;0;NO;2024;3;22;4;VIERNES;17,616388888888892;17;TARDE;-0,9659258262890683;-0,25881904510252063;-0,433883739117558;-0,9009688679024191;2;1;9,09;BAJO
2024-03-22;18:29:59.971000;CUENCA;CUMBE;RURAL;-3,076161;-79,017921;SE  ENCUENTRA UBICADO EN LA RED VIAL E-35 SENTIDO  CUENCA  -  CUMBE AL LLEGAR AL KM 6 SECTOR ZHUCAY  APROXIMADAMENTE;CHOQUE LATERAL;NO RESPETAR LAS SEÑALES REGLAMENTARIAS DE TRÁNSITO. (PARE, CEDA EL PASO, LUZ ROJA DEL SEMAFORO, ETC).;AUTOMÓVIL;0;0;NO;2024;3;22;4;VIERNES;18,499722222222225;18;NOCHE;-1,0;-1,8369701987210297e-16;-0,433883739117558;-0,9009688679024191;0;1;9,09;BAJO
2024-03-23;01:45:59.990000;CUENCA;SAN JOAQUIN;URBANA;-2,892416;-79,055389;ENRIQUE ARIZAGA TORAL  KM 4Y SN;PÉRDIDA DE PISTA;CONDUCIR DESATENTO A LAS CONDICIONES DE TRÁNSITO (CELULAR, PANTALLAS DE VIDEO, COMIDA, MAQUILLAJE O CUALQUIER OTRO ELEMENTO DISTRACTOR).;AUTOMÓVIL;0;0;NO;2024;3;23;5;SABADO;1,7663888888888888;1;MADRUGADA;0,25881904510252074;0,9659258262890683;-0,9749279121818236;-0,2225209339563146;0;1;9,09;BAJO
2024-03-23;21:40:59.981000;CUENCA;CUENCA;URBANA;-2,881666;-78,985106;LAS LADERAS Y AV AMERICAS;PÉRDIDA DE PISTA;CONDUCIR DESATENTO A LAS CONDICIONES DE TRÁNSITO (CELULAR, PANTALLAS DE VIDEO, COMIDA, MAQUILLAJE O CUALQUIER OTRO ELEMENTO DISTRACTOR).;MOTOCICLETA;0;0;NO;2024;3;23;5;SABADO;21,68305555555556;21;NOCHE;-0,7071067811865477;0,7071067811865474;-0,9749279121818236;-0,2225209339563146;0;5;45,45;MEDIO
2024-03-24;00:59:59.942000;CUENCA;CUENCA;URBANA;-2,892134;-78,997981;TOMAS ORDOÑEZ Y RAFAEL MARÍA ARIZAGA;PÉRDIDA DE CARRIL;CONDUCIR DESATENTO A LAS CONDICIONES DE TRÁNSITO (CELULAR, PANTALLAS DE VIDEO, COMIDA, MAQUILLAJE O CUALQUIER OTRO ELEMENTO DISTRACTOR).;MOTOCICLETA;1;0;NO;2024;3;24;6;DOMINGO;0,9997222222222222;0;MADRUGADA;0,0;1,0;-0,7818314824680299;0,6234898018587334;1;5;45,45;MEDIO
2024-03-24;01:34:59.981000;CUENCA;CUENCA;URBANA;-2,900219;-78,987215;GONZALEZ SUAREZ Y HUAGRAHUMA;PÉRDIDA DE PISTA;CONDUCE BAJO LA INFLUENCIA DE ALCOHOL, SUSTANCIAS ESTUPEFACIENTES O PSICOTRÓPICAS Y/O MEDICAMENTOS.;MOTOCICLETA;2;0;NO;2024;3;24;6;DOMINGO;1,5830555555555554;1;MADRUGADA;0,25881904510252074;0,9659258262890683;-0,7818314824680299;0,6234898018587334;2;5;45,45;MEDIO
2024-03-24;03:58:59.981000;CUENCA;CUENCA;URBANA;-2,906948;-79,033263;AV AMERICAS Y PRIMERO DE MAYO;PÉRDIDA DE PISTA;CONDUCIR DESATENTO A LAS CONDICIONES DE TRÁNSITO (CELULAR, PANTALLAS DE VIDEO, COMIDA, MAQUILLAJE O CUALQUIER OTRO ELEMENTO DISTRACTOR).;CAMIONETA;0;0;NO;2024;3;24;6;DOMINGO;3,9830555555555556;3;MADRUGADA;0,7071067811865476;0,7071067811865476;-0,7818314824680299;0,6234898018587334;0;5;45,45;MEDIO
2024-03-24;21:06:59.990000;CUENCA;CUENCA;URBANA;-2,922469;-79,038606;LOJA Y AMERICAS;CHOQUE POSTERIOR;NO MANTENER LA DISTANCIA PRUDENCIAL CON RESPECTO AL VEHÍCULO QUE LE ANTECEDE.;AUTOMÓVIL;0;0;NO;2024;3;24;6;DOMINGO;21,116388888888892;21;NOCHE;-0,7071067811865477;0,7071067811865474;-0,7818314824680299;0,6234898018587334;0;4;36,36;BAJO
2024-03-25;09:55:59.923000;CUENCA;CUENCA;URBANA;-2,891952;-78,985042;HURTADO DE MENDOZA Y PASEO DE LOS CAÑARIS;ATROPELLOS;CONDUCIR DESATENTO A LAS CONDICIONES DE TRÁNSITO (CELULAR, PANTALLAS DE VIDEO, COMIDA, MAQUILLAJE O CUALQUIER OTRO ELEMENTO DISTRACTOR).;CAMIÓN;1;0;NO;2024;3;25;0;LUNES;9,933055555555555;9;MANANA;0,7071067811865476;-0,7071067811865475;0,0;1,0;1;4;36,36;BAJO
2024-03-25;17:01:59.981000;CUENCA;CUENCA;URBANA;-2,912074;-79,034459;DON BOSCO Y  FRAY GASPAR DE CARVAJAL;CHOQUE LATERAL;CONDUCE BAJO LA INFLUENCIA DE ALCOHOL, SUSTANCIAS ESTUPEFACIENTES O PSICOTRÓPICAS Y/O MEDICAMENTOS.;MOTOCICLETA;1;0;NO;2024;3;25;0;LUNES;17,033055555555556;17;TARDE;-0,9659258262890683;-0,25881904510252063;0,0;1,0;1;3;27,27;BAJO
2024-03-26;20:55:59.981000;CUENCA;VALLE;RURAL;-2,934919;-78,956991;VIA CENTRO DEL VALLE A SAN PEDRO DE BAGUANCHI;ARROLLAMIENTOS;PEATÓN TRANSITA BAJO INFLUENCIA DE ALCOHOL, SUSTANCIAS ESTUPEFACIENTES O PSICOTRÓPICAS Y/O MEDICAMENTOS.;NO IDENTIFICADO;0;1;NO;2024;3;26;1;MARTES;20,93305555555556;20;NOCHE;-0,8660254037844386;0,5000000000000001;0,7818314824680298;0,6234898018587336;1;1;9,09;BAJO
2024-03-26;22:16:59.981000;CUENCA;CUENCA;URBANA;-2,907398;-79,023398;PRIMERO DE MAYO Y FRANCISCO DE ORELLANA;PÉRDIDA DE PISTA;CONDUCIR DESATENTO A LAS CONDICIONES DE TRÁNSITO (CELULAR, PANTALLAS DE VIDEO, COMIDA, MAQUILLAJE O CUALQUIER OTRO ELEMENTO DISTRACTOR).;BICICLETA;1;0;NO;2024;3;26;1;MARTES;22,283055555555556;22;NOCHE;-0,5000000000000004;0,8660254037844384;0,7818314824680298;0,6234898018587336;1;4;36,36;BAJO
2024-03-27;19:19:59.952000;CUENCA;CUENCA;URBANA;-2,883491;-78,991599;TURUHUAYCO Y ENRIQUE ESPÍN;ESTRELLAMIENTOS;NO CEDER EL DERECHO DE VÍA O PREFERENCIA DE PASO A VEHÍCULOS.;VEHÍCULO DEPORTIVO UTILITARIO;0;0;NO;2024;3;27;2;MIERCOLES;19,333055555555557;19;NOCHE;-0,9659258262890684;0,2588190451025203;0,9749279121818236;-0,22252093395631434;0;3;27,27;BAJO