FECHA;HORA;CANTON;PARROQUIA;ZONA;LATITUD_Y;LONGITUD_X;DIRECCION;TIPO_DE_SINIESTRO;CAUSA_PROBABLE;TIPO_DE_VEHICULO_1;LESIONADOS;FALLECIDOS;FERIADO;ANIO;MES;DIA;DIA_SEMANA;NOMBRE_DIA;HORA_DECIMAL;HORA_NUM;RANGO_HORARIO;HORA_SIN;HORA_COS;DIA_SIN;DIA_COS;TOTAL_VICTIMAS;NUM_ACCIDENTES;RIESGO_PORCENTAJE;NIVEL_RIESGO
2024-08-05;22:53:00;CUENCA;CUENCA;URBANA;-2,896682;-79,019459;UNIDAD NACIONAL Y CALLE DEL BATAN;CHOQUE POSTERIOR;CONDUCE BAJO LA INFLUENCIA DE ALCOHOL, SUSTANCIAS ESTUPEFACIENTES O PSICOTRÓPICAS Y/O MEDICAMENTOS.;VEHÍCULO DEPORTIVO UTILITARIO;0;0;NO;2024;8;5;0;LUNES;22,883333333333333;22;NOCHE;-0,5000000000000004;0,8660254037844384;0,0;1,0;0;3;27,27;BAJO
2024-08-07;14:47:00;CUENCA;CUENCA;URBANA;-2,903105;-79,006541;FRAY VICENTE SOLANO Y DANIEL CORDOVA;CHOQUE LATERAL;CONDUCIR DESATENTO A LAS CONDICIONES DE TRÁNSITO (CELULAR, PANTALLAS DE VIDEO, COMIDA, MAQUILLAJE O CUALQUIER OTRO ELEMENTO DISTRACTOR).;MOTOCICLETA;1;0;NO;2024;8;7;2;MIERCOLES;14,783333333333333;14;TARDE;-0,4999999999999997;-0,8660254037844388;0,9749279121818236;-0,22252093395631434;1;3;27,27;BAJO
2024-08-07;08:12:00;CUENCA;CUENCA;URBANA;-2,910168;-79,003737;LUIS MORENO MORA Y ROBERTO CRESPO;CHOQUE LATERAL;CONDUCIR DESATENTO A LAS CONDICIONES DE TRÁNSITO (CELULAR, PANTALLAS DE VIDEO, COMIDA, MAQUILLAJE O CUALQUIER OTRO ELEMENTO DISTRACTOR).;AUTOMÓVIL;0;0;NO;2024;8;7;2;MIERCOLES;8,2;8;MANANA;0,8660254037844387;-0,4999999999999998;0,9749279121818236;-0,22252093395631434;0;5;45,45;MEDIO
2024-08-08;22:52:00;CUENCA;CUENCA;URBANA;-2,886169;-78,995358;AVENIDA DE LAS AMERICAS Y ARMENILLAS;CHOQUE LATERAL;CONDUCE BAJO LA INFLUENCIA DE ALCOHOL, SUSTANCIAS ESTUPEFACIENTES O PSICOTRÓPICAS Y/O MEDICAMENTOS.;VEHÍCULO DEPORTIVO UTILITARIO;2;0;NO;2024;8;8;3;JUEVES;22,866666666666667;22;NOCHE;-0,5000000000000004;0,8660254037844384;0,43388373911755823;-0,900968867902419;2;9;81,82;ALTO
2024-08-08;22:48:00;CUENCA;CUENCA;URBANA;-2,884812;-79,010861;ABELARDO J ANDRADE Y DESCARTES;CHOQUE POSTERIOR;CONDUCIR DESATENTO A LAS CONDICIONES DE TRÁNSITO (CELULAR, PANTALLAS DE VIDEO, COMIDA, MAQUILLAJE O CUALQUIER OTRO ELEMENTO DISTRACTOR).;VEHÍCULO DEPORTIVO UTILITARIO;0;0;NO;2024;8;8;3;JUEVES;22,8;22;NOCHE;-0,5000000000000004;0,8660254037844384;0,43388373911755823;-0,900968867902419;0;9;81,82;ALTO
2024-08-09;04:24:00;CUENCA;CUENCA;URBANA;-2,881887;-79,021007;ABELARDO J ANDRADE Y DEL CEBOLLAR;ESTRELLAMIENTOS;PEATÓN TRANSITA BAJO INFLUENCIA DE ALCOHOL, SUSTANCIAS ESTUPEFACIENTES O PSICOTRÓPICAS Y/O MEDICAMENTOS.;AUTOMÓVIL;0;0;SI;2024;8;9;4;VIERNES;4,4;4;MADRUGADA;0,8660254037844386;0,5000000000000001;-0,433883739117558;-0,9009688679024191;0;1;9,09;BAJO
2024-08-09;04:28:00;CUENCA;BAÑOS (CUENCA);URBANA;-2,907937;-79,053517;1 DE SEPTIEMBRE Y CALLE SIN NOMBRE;ESTRELLAMIENTOS;PEATÓN TRANSITA BAJO INFLUENCIA DE ALCOHOL, SUSTANCIAS ESTUPEFACIENTES O PSICOTRÓPICAS Y/O MEDICAMENTOS.;NO IDENTIFICADO;0;0;SI;2024;8;9;4;VIERNES;4,466666666666667;4;MADRUGADA;0,8660254037844386;0,5000000000000001;-0,433883739117558;-0,9009688679024191;0;1;9,09;BAJO
2024-08-10;02:05:00;CUENCA;CUENCA;URBANA;-2,890575;-78,990481;GIL RAMIREZ DVALOS Y SEVILLA;PÉRDIDA DE PISTA;CONDUCIR DESATENTO A LAS CONDICIONES DE TRÁNSITO (CELULAR, PANTALLAS DE VIDEO, COMIDA, MAQUILLAJE O CUALQUIER OTRO ELEMENTO DISTRACTOR).;MOTOCICLETA;1;0;SI;2024;8;10;5;SABADO;2,0833333333333335;2;MADRUGADA;0,49999999999999994;0,8660254037844387;-0,9749279121818236;-0,2225209339563146;1;3;27,27;BAJO
2024-08-10;05:43:00;CUENCA;CUENCA;URBANA;-2,900216;-78,970973;RED ESTATAL E35 KM 700 Y VIA A MONAY BAGUANCHI -PACCHA;CHOQUE LATERAL;CONDUCIR DESATENTO A LAS CONDICIONES DE TRÁNSITO (CELULAR, PANTALLAS DE VIDEO, COMIDA, MAQUILLAJE O CUALQUIER OTRO ELEMENTO DISTRACTOR).;MOTOCICLETA;1;0;SI;2024;8;10;5;SABADO;5,716666666666667;5;MADRUGADA;0,9659258262890683;0,25881904510252074;-0,9749279121818236;-0,2225209339563146;1;3;27,27;BAJO
2024-08-10;05:40:00;CUENCA;CUENCA;URBANA;-2,894808;-79,026938;VICTOR MANUEL ALBORNOZ Y RAMONA CORDERO Y LEON;CHOQUE FRONTAL;REALIZAR CAMBIO BRUSCO O INDEBIDO DE CARRIL.;ESPECIAL;1;0;SI;2024;8;10;5;SABADO;5,666666666666667;5;MADRUGADA;0,9659258262890683;0,25881904510252074;-0,9749279121818236;-0,2225209339563146;1;3;27,27;BAJO
2024-08-10;15:41:00;CUENCA;CUENCA;URBANA;-2,875318;-79,001232;RAFAEL CARPIO ABAD Y DE LAS COCADAS;ESTRELLAMIENTOS;CONDUCE BAJO LA INFLUENCIA DE ALCOHOL, SUSTANCIAS ESTUPEFACIENTES O PSICOTRÓPICAS Y/O MEDICAMENTOS.;CAMIONETA;0;0;SI;2024;8;10;5;SABADO;15,683333333333334;15;TARDE;-0,7071067811865471;-0,7071067811865479;-0,9749279121818236;-0,2225209339563146;0;1;9,09;BAJO
2024-08-11;03:40:00;CUENCA;CUENCA;URBANA;-2,913393;-79,030972;LOJA Y DON BOSCO;CHOQUE LATERAL;PEATÓN TRANSITA BAJO INFLUENCIA DE ALCOHOL, SUSTANCIAS ESTUPEFACIENTES O PSICOTRÓPICAS Y/O MEDICAMENTOS.;AUTOMÓVIL;1;0;SI;2024;8;11;6;DOMINGO;3,6666666666666665;3;MADRUGADA;0,7071067811865476;0,7071067811865476;-0,7818314824680299;0,6234898018587334;1;1;9,09;BAJO
2024-08-10;14:24:00;CUENCA;VALLE;RURAL;-2,935451;-78,968455;VIA AL VALLE Y SIN NOMBRE;CHOQUE LATERAL;CONDUCE BAJO LA INFLUENCIA DE ALCOHOL, SUSTANCIAS ESTUPEFACIENTES O PSICOTRÓPICAS Y/O MEDICAMENTOS.;NO IDENTIFICADO;1;0;SI;2024;8;10;5;SABADO;14,4;14;TARDE;-0,4999999999999997;-0,8660254037844388;-0,9749279121818236;-0,2225209339563146;1;1;9,09;BAJO
2024-08-11;16:54:00;CUENCA;SININCAY;RURAL;-2,860565;-79,011022;VIA AL CARMEN DE SININCAY Y NINGUNA;CHOQUE FRONTAL;PEATÓN TRANSITA BAJO INFLUENCIA DE ALCOHOL, SUSTANCIAS ESTUPEFACIENTES O PSICOTRÓPICAS Y/O MEDICAMENTOS.;VEHÍCULO DEPORTIVO UTILITARIO;1;0;SI;2024;8;11;6;DOMINGO;16,9;16;TARDE;-0,8660254037844385;-0,5000000000000004;-0,7818314824680299;0,6234898018587334;1;1;9,09;BAJO
2024-08-11;20:25:00;CUENCA;CUENCA;URBANA;-2,918215;-79,034899;LOJA Y PUERTO D EPALOS;CHOQUE LATERAL;CONDUCIR DESATENTO A LAS CONDICIONES DE TRÁNSITO (CELULAR, PANTALLAS DE VIDEO, COMIDA, MAQUILLAJE O CUALQUIER OTRO ELEMENTO DISTRACTOR).;MOTOCICLETA;2;0;SI;2024;8;11;6;DOMINGO;20,416666666666668;20;NOCHE;-0,8660254037844386;0,5000000000000001;-0,7818314824680299;0,6234898018587334;2;1;9,09;BAJO
2024-08-12;14:05:00;CUENCA;CUENCA;URBANA;-2,895579;-78,991533;HURTADO DE MENDOZA Y RIO PALORA;CHOQUE LATERAL;CONDUCIR DESATENTO A LAS CONDICIONES DE TRÁNSITO (CELULAR, PANTALLAS DE VIDEO, COMIDA, MAQUILLAJE O CUALQUIER OTRO ELEMENTO DISTRACTOR).;MOTOCICLETA;2;0;NO;2024;8;12;0;LUNES;14,083333333333334;14;TARDE;-0,4999999999999997;-0,8660254037844388;0,0;1,0;2;2;18,18;BAJO
2024-08-12;19:42:00;CUENCA;VALLE;RURAL;-2,940035;-78,967119;VIA AL PARAISO-ENTRADA A LA VICTORIA;ESTRELLAMIENTOS;CONDUCE BAJO LA INFLUENCIA DE ALCOHOL, SUSTANCIAS ESTUPEFACIENTES O PSICOTRÓPICAS Y/O MEDICAMENTOS.;NO IDENTIFICADO;0;0;NO;2024;8;12;0;LUNES;19,7;19;NOCHE;-0,9659258262890684;0,2588190451025203;0,0;1,0;0;1;9,09;BAJO
2024-08-11;16:10:00;CUENCA;CUENCA;URBANA;-2,919227;-78,993775;RED ESTATAL E35 KM703 AZOGUEZ-CUENCA Y ARISTOFANES;ESTRELLAMIENTOS;PEATÓN TRANSITA BAJO INFLUENCIA DE ALCOHOL, SUSTANCIAS ESTUPEFACIENTES O PSICOTRÓPICAS Y/O MEDICAMENTOS.;AUTOMÓVIL;0;0;SI;2024;8;11;6;DOMINGO;16,166666666666668;16;TARDE;-0,8660254037844385;-0,5000000000000004;-0,7818314824680299;0,6234898018587334;0;1;9,09;BAJO
2024-08-11;04:40:00;CUENCA;MOLLETURO;RURAL;-2,771551;-79,397957;VIA A LA ENTRADA A MOLLETURO;VOLCAMIENTOS;CONDUCIR DESATENTO A LAS CONDICIONES DE TRÁNSITO (CELULAR, PANTALLAS DE VIDEO, COMIDA, MAQUILLAJE O CUALQUIER OTRO ELEMENTO DISTRACTOR).;CAMIÓN;1;0;SI;2024;8;11;6;DOMINGO;4,666666666666667;4;MADRUGADA;0,8660254037844386;0,5000000000000001;-0,7818314824680299;0,6234898018587334;1;1;9,09;BAJO
2024-08-12;15:44:00;CUENCA;CUENCA;URBANA;-2,895145;-79,018736;12 DE ABRIL Y UNIDAD NACIONAL;CHOQUE POSTERIOR;CONDUCIR DESATENTO A LAS CONDICIONES DE TRÁNSITO (CELULAR, PANTALLAS DE VIDEO, COMIDA, MAQUILLAJE O CUALQUIER OTRO ELEMENTO DISTRACTOR).;AUTOMÓVIL;0;0;NO;2024;8;12;0;LUNES;15,733333333333333;15;TARDE;-0,7071067811865471;-0,7071067811865479;0,0;1,0;0;2;18,18;BAJO
2024-08-14;10:19:00;CUENCA;CUENCA;URBANA;-2,915621;-79,032993;LOJA Y PABLO HILARIO CHICA Y ASTUDILLO;ATROPELLOS;CONDUCIR DESATENTO A LAS CONDICIONES DE TRÁNSITO (CELULAR, PANTALLAS DE VIDEO, COMIDA, MAQUILLAJE O CUALQUIER OTRO ELEMENTO DISTRACTOR).;CAMIONETA;1;0;NO;2024;8;14;2;MIERCOLES;10,316666666666666;10;MANANA;0,49999999999999994;-0,8660254037844387;0,9749279121818236;-0,22252093395631434;1;5;45,45;MEDIO
2024-08-14;10:32:00;CUENCA;CUENCA;URBANA;-2,880364;-78,979227;JUAN LAVALLE Y GENERAL MIRES;CHOQUE LATERAL;CONDUCIR DESATENTO A LAS CONDICIONES DE TRÁNSITO (CELULAR, PANTALLAS DE VIDEO, COMIDA, MAQUILLAJE O CUALQUIER OTRO ELEMENTO DISTRACTOR).;MOTOCICLETA;1;0;NO;2024;8;14;2;MIERCOLES;10,533333333333333;10;MANANA;0,49999999999999994;-0,8660254037844387;0,9749279121818236;-0,22252093395631434;1;5;45,45;MEDIO
2024-08-15;15:56:00;CUENCA;CUENCA;URBANA;-2,915723;-79,010041;PRIMERO DE MAYO Y DON BOSCO;CHOQUE LATERAL;NO RESPETAR LAS SEÑALES REGLAMENTARIAS DE TRÁNSITO. (PARE, CEDA EL PASO, LUZ ROJA DEL SEMAFORO, ETC).;AUTOMÓVIL;1;0;NO;2024;8;15;3;JUEVES;15,933333333333334;15;TARDE;-0,7071067811865471;-0,7071067811865479;0,43388373911755823;-0,900968867902419;1;3;27,27;BAJO
2024-08-15;17:52:00;CUENCA;SANTA ANA;RURAL;-2,964084;-78,915975;VIA A SANTA ANA;CHOQUE FRONTAL;CONDUCIR DESATENTO A LAS CONDICIONES DE TRÁNSITO (CELULAR, PANTALLAS DE VIDEO, COMIDA, MAQUILLAJE O CUALQUIER OTRO ELEMENTO DISTRACTOR).;MOTOCICLETA;1;0;NO;2024;8;15;3;JUEVES;17,866666666666667;17;TARDE;-0,9659258262890683;-0,25881904510252063;0,43388373911755823;-0,900968867902419;1;1;9,09;BAJO
2024-08-15;22:56:00;CUENCA;CUENCA;URBANA;-2,933911;-79,044668;PANAMERICANA SUR;CHOQUE FRONTAL;CONDUCIR DESATENTO A LAS CONDICIONES DE TRÁNSITO (CELULAR, PANTALLAS DE VIDEO, COMIDA, MAQUILLAJE O CUALQUIER OTRO ELEMENTO DISTRACTOR).;VEHÍCULO DEPORTIVO UTILITARIO;1;0;NO;2024;8;15;3;JUEVES;22,933333333333334;22;NOCHE;-0,5000000000000004;0,8660254037844384;0,43388373911755823;-0,900968867902419;1;9;81,82;ALTO
2024-08-16;08:03:00;CUENCA;CUENCA;URBANA;-2,894872;-78,983873;PASEO DE LOS CAÑARIS Y AYAPUNGO;CHOQUE LATERAL;CONDUCE BAJO LA INFLUENCIA DE ALCOHOL, SUSTANCIAS ESTUPEFACIENTES O PSICOTRÓPICAS Y/O MEDICAMENTOS.;MOTOCICLETA;1;0;NO;2024;8;16;4;VIERNES;8,05;8;MANANA;0,8660254037844387;-0,4999999999999998;-0,433883739117558;-0,9009688679024191;1;5;45,45;MEDIO
2024-08-16;10:00:00;CUENCA;CUENCA;URBANA;-2,887425;-78,988797;ELIA LIUT Y CALLE VIEJA;ATROPELLOS;REALIZAR CAMBIO BRUSCO O INDEBIDO DE CARRIL.;BUS;1;0;NO;2024;8;16;4;VIERNES;10,0;10;MANANA;0,49999999999999994;-0,8660254037844387;-0,433883739117558;-0,9009688679024191;1;5;45,45;MEDIO
2024-08-16;14:58:00;CUENCA;CUENCA;URBANA;-2,886798;-79,009772;AV DEL CHOFER Y THOMAS EDISON;PÉRDIDA DE CARRIL;PEATÓN TRANSITA BAJO INFLUENCIA DE ALCOHOL, SUSTANCIAS ESTUPEFACIENTES O PSICOTRÓPICAS Y/O MEDICAMENTOS.;VEHÍCULO DEPORTIVO UTILITARIO;2;0;NO;2024;8;16;4;VIERNES;14,966666666666667;14;TARDE;-0,4999999999999997;-0,8660254037844388;-0,433883739117558;-0,9009688679024191;2;3;27,27;BAJO
2024-08-17;10:55:00;CUENCA;CUENCA;URBANA;-2,904789;-79,025023;10 DE AGOSTO Y LOJA;CHOQUE POSTERIOR;NO MANTENER LA DISTANCIA PRUDENCIAL CON RESPECTO AL VEHÍCULO QUE LE ANTECEDE.;VEHÍCULO DEPORTIVO UTILITARIO;1;0;NO;2024;8;17;5;SABADO;10,916666666666666;10;MANANA;0,49999999999999994;-0,8660254037844387;-0,9749279121818236;-0,2225209339563146;1;5;45,45;MEDIO
2024-08-17;02:48:00;CUENCA;CUENCA;URBANA;-2,910537;-78,995621;12 DE ABRIL Y HUAYNA CAPAC;ESTRELLAMIENTOS;PEATÓN TRANSITA BAJO INFLUENCIA DE ALCOHOL, SUSTANCIAS ESTUPEFACIENTES O PSICOTRÓPICAS Y/O MEDICAMENTOS.;AUTOMÓVIL;0;0;NO;2024;8;17;5;SABADO;2,8;2;MADRUGADA;0,49999999999999994;0,8660254037844387;-0,9749279121818236;-0,2225209339563146;0;2;18,18;BAJO
2024-08-15;21:30:00;CUENCA;CUENCA;URBANA;-2,889081;-78,998871;HEROES DE VERDELOMA Y CORONEL FRANCISCO CALDERON;CHOQUE POSTERIOR;PEATÓN TRANSITA BAJO INFLUENCIA DE ALCOHOL, SUSTANCIAS ESTUPEFACIENTES O PSICOTRÓPICAS Y/O MEDICAMENTOS.;VEHÍCULO DEPORTIVO UTILITARIO;0;0;NO;2024;8;15;3;JUEVES;21,5;21;NOCHE;-0,7071067811865477;0,7071067811865474;0,43388373911755823;-0,900968867902419;0;9;81,82;ALTO
2024-08-06;19:53:00;CUENCA;BAÑOS (CUENCA);RURAL;-2,910631;-79,068438;1 DE SEPTIEMBRE;CAÍDA DE PASAJERO;CONDUCE BAJO LA INFLUENCIA DE ALCOHOL, SUSTANCIAS ESTUPEFACIENTES O PSICOTRÓPICAS Y/O MEDICAMENTOS.;BUS;1;0;NO;2024;8;6;1;MARTES;19,883333333333333;19;NOCHE;-0,9659258262890684;0,2588190451025203;0,7818314824680298;0,6234898018587336;1;1;9,09;BAJO
2024-08-06;20:33:00;CUENCA;CUENCA;URBANA;-2,892315;-79,006019;ANTONIO VEGA MUÑOZ Y GENERAL TORRES;CHOQUE LATERAL;CONDUCIR DESATENTO A LAS CONDICIONES DE TRÁNSITO (CELULAR, PANTALLAS DE VIDEO, COMIDA, MAQUILLAJE O CUALQUIER OTRO ELEMENTO DISTRACTOR).;MOTOCICLETA;2;0;NO;2024;8;6;1;MARTES;20,55;20;NOCHE;-0,8660254037844386;0,5000000000000001;0,7818314824680298;0,6234898018587336;2;1;9,09;BAJO
2024-08-07;00:14:00;CUENCA;CUENCA;URBANA;-2,912139;-78,984205;RED ESTATAL E 35 KM 702;PÉRDIDA DE PISTA;PEATÓN TRANSITA BAJO INFLUENCIA DE ALCOHOL, SUSTANCIAS ESTUPEFACIENTES O PSICOTRÓPICAS Y/O MEDICAMENTOS.;MOTOCICLETA;1;1;NO;2024;8;7;2;MIERCOLES;0,23333333333333334;0;MADRUGADA;0,0;1,0;0,9749279121818236;-0,22252093395631434;2;2;18,18;BAJO
2024-08-22;19:52:00;CUENCA;CUENCA;URBANA;-2,892879;-78,978245;NAMANGOZA Y SARA URCO;CHOQUE LATERAL;NO RESPETAR LAS SEÑALES REGLAMENTARIAS DE TRÁNSITO. (PARE, CEDA EL PASO, LUZ ROJA DEL SEMAFORO, ETC).;MOTOCICLETA;0;1;NO;2024;8;22;3;JUEVES;19,866666666666667;19;NOCHE;-0,9659258262890684;0,2588190451025203;0,43388373911755823;-0,900968867902419;1;9;81,82;ALTO
2024-08-18;16:41:00;CUENCA;CUENCA;URBANA;-2,871834;-78,938029;RED ESTATAL E35 KM 695 Y SN;CHOQUE POSTERIOR;NO MANTENER LA DISTANCIA PRUDENCIAL CON RESPECTO AL VEHÍCULO QUE LE ANTECEDE.;MOTOCICLETA;1;0;NO;2024;8;18;6;DOMINGO;16,683333333333334;16;TARDE;-0,8660254037844385;-0,5000000000000004;-0,7818314824680299;0,6234898018587334;1;2;18,18;BAJO
2024-08-19;19:09:00;CUENCA;CUENCA;URBANA;-2,884561;-79,015169;ABELARDO J ANDRADE Y ESCUELA PARTICULAR CARLOS CRESPI;ATROPELLOS;CONDUCIR DESATENTO A LAS CONDICIONES DE TRÁNSITO (CELULAR, PANTALLAS DE VIDEO, COMIDA, MAQUILLAJE O CUALQUIER OTRO ELEMENTO DISTRACTOR).;MOTOCICLETA;2;0;NO;2024;8;19;0;LUNES;19,15;19;NOCHE;-0,9659258262890684;0,2588190451025203;0,0;1,0;2;3;27,27;BAJO
2024-08-18;01:24:00;CUENCA;CUENCA;URBANA;-2,909434;-79,034741;AV AMERICAS Y LUIS MOSCOSO;CHOQUE LATERAL;CONDUCE BAJO LA INFLUENCIA DE ALCOHOL, SUSTANCIAS ESTUPEFACIENTES O PSICOTRÓPICAS Y/O MEDICAMENTOS.;AUTOMÓVIL;0;0;NO;2024;8;18;6;DOMINGO;1,4;1;MADRUGADA;0,25881904510252074;0,9659258262890683;-0,7818314824680299;0,6234898018587334;0;1;9,09;BAJO
2024-08-19;01:27:00;CUENCA;PACCHA (CUENCA);RURAL;-2,889981;-78,928931;VIA PACCHA-NULTI Y INGRESO A LAGUNA QUINTUÑA;CHOQUE FRONTAL;CONDUCE BAJO LA INFLUENCIA DE ALCOHOL, SUSTANCIAS ESTUPEFACIENTES O PSICOTRÓPICAS Y/O MEDICAMENTOS.;VEHÍCULO DEPORTIVO UTILITARIO;0;0;NO;2024;8;19;0;LUNES;1,45;1;MADRUGADA;0,25881904510252074;0,9659258262890683;0,0;1,0;0;1;9,09;BAJO
2024-08-22;13:29:00;CUENCA;CUENCA;URBANA;-2,922374;-79,038457;AV AMERICAS Y LOJA;ATROPELLOS;CONDUCIR DESATENTO A LAS CONDICIONES DE TRÁNSITO (CELULAR, PANTALLAS DE VIDEO, COMIDA, MAQUILLAJE O CUALQUIER OTRO ELEMENTO DISTRACTOR).;NO IDENTIFICADO;1;0;NO;2024;8;22;3;JUEVES;13,483333333333333;13;TARDE;-0,2588190451025208;-0,9659258262890683;0,43388373911755823;-0,900968867902419;1;3;27,27;BAJO
2024-08-22;19:34:00;CUENCA;CUENCA;URBANA;-2,916641;-79,001253;FRANCISCO MOSCOSO Y JACINTO FLORES;PÉRDIDA DE PISTA;CONDUCIR DESATENTO A LAS CONDICIONES DE TRÁNSITO (CELULAR, PANTALLAS DE VIDEO, COMIDA, MAQUILLAJE O CUALQUIER OTRO ELEMENTO DISTRACTOR).;MOTOCICLETA;1;0;NO;2024;8;22;3;JUEVES;19,566666666666666;19;NOCHE;-0,9659258262890684;0,2588190451025203;0,43388373911755823;-0,900968867902419;1;9;81,82;ALTO
2024-08-22;21:11:00;CUENCA;CUENCA;URBANA;-2,917711;-78,998684;24 DE MAYO Y LAS GARZAS;PÉRDIDA DE CARRIL;CONDUCIR VEHÍCULO SUPERANDO LOS LÍMITES MÁXIMOS DE VELOCIDAD.;VEHÍCULO DEPORTIVO UTILITARIO;0;0;NO;2024;8;22;3;JUEVES;21,183333333333334;21;NOCHE;-0,7071067811865477;0,7071067811865474;0,43388373911755823;-0,900968867902419;0;9;81,82;ALTO
2024-08-22;18:02:00;CUENCA;CUENCA;URBANA;-2,886253;-78,974732;CAJAS Y DE LOS COLORADOS;ESTRELLAMIENTOS;CONDUCE BAJO LA INFLUENCIA DE ALCOHOL, SUSTANCIAS ESTUPEFACIENTES O PSICOTRÓPICAS Y/O MEDICAMENTOS.;MOTOCICLETA;0;0;NO;2024;8;22;3;JUEVES;18,033333333333335;18;NOCHE;-1,0;-1,8369701987210297e-16;0,43388373911755823;-0,900968867902419;0;9;81,82;ALTO
2024-08-24;13:21:00;CUENCA;SAN JOAQUIN;RURAL;-2,932282;-79,190652;VIA A SOLDADOS (SECTOR AGUAS TERMALES) Y SN;PÉRDIDA DE PISTA;CONDUCE BAJO LA INFLUENCIA DE ALCOHOL, SUSTANCIAS ESTUPEFACIENTES O PSICOTRÓPICAS Y/O MEDICAMENTOS.;FURGONETA;3;0;NO;2024;8;24;5;SABADO;13,35;13;TARDE;-0,2588190451025208;-0,9659258262890683;-0,9749279121818236;-0,2225209339563146;3;1;9,09;BAJO
2024-08-24;11:36:00;CUENCA;CUENCA;URBANA;-2,897574;-79,029368;CARLOS ARIZAGA VEGA Y ROBERTO CRESPO;ATROPELLOS;CONDUCIR DESATENTO A LAS CONDICIONES DE TRÁNSITO (CELULAR, PANTALLAS DE VIDEO, COMIDA, MAQUILLAJE O CUALQUIER OTRO ELEMENTO DISTRACTOR).;NO IDENTIFICADO;1;0;NO;2024;8;24;5;SABADO;11,6;11;MANANA;0,258819045102521;-0,9659258262890682;-0,9749279121818236;-0,2225209339563146;1;5;45,45;MEDIO
2024-08-27;16:21:00;CUENCA;TURI;RURAL;-2,922811;-79,006361;CAMINO A TURI Y VIA A ICTOCRUZ;CHOQUE LATERAL;NO CEDER EL DERECHO DE VÍA O PREFERENCIA DE PASO A VEHÍCULOS.;MOTOCICLETA;1;0;NO;2024;8;27;1;MARTES;16,35;16;TARDE;-0,8660254037844385;-0,5000000000000004;0,7818314824680298;0,6234898018587336;1;1;9,09;BAJO
2024-08-27;16:46:00;CUENCA;CUENCA;URBANA;-2,888207;-78,992665;ARMENILLAS Y DEL OBRERO;CHOQUE LATERAL;PEATÓN TRANSITA BAJO INFLUENCIA DE ALCOHOL, SUSTANCIAS ESTUPEFACIENTES O PSICOTRÓPICAS Y/O MEDICAMENTOS.;MOTOCICLETA;1;0;NO;2024;8;27;1;MARTES;16,766666666666666;16;TARDE;-0,8660254037844385;-0,5000000000000004;0,7818314824680298;0,6234898018587336;1;1;9,09;BAJO
2024-08-28;06:08:00;CUENCA;CUENCA;URBANA;-2,881408;-78,975254;AVENIDA DE LAS AMERICAS Y OCTAVIO CHACON MOSCOSO;ESTRELLAMIENTOS;CONDUCE BAJO LA INFLUENCIA DE ALCOHOL, SUSTANCIAS ESTUPEFACIENTES O PSICOTRÓPICAS Y/O MEDICAMENTOS.;AUTOMÓVIL;0;0;NO;2024;8;28;2;MIERCOLES;6,133333333333334;6;MANANA;1,0;6,123233995736766e-17;0,9749279121818236;-0,22252093395631434;0;5;45,45;MEDIO
2024-08-28;11:34:00;CUENCA;CUENCA;URBANA;-2,913307;-79,013056;PRIMERO DE MAYO Y CARLOS QUINTO;CHOQUE LATERAL;CONDUCE BAJO LA INFLUENCIA DE ALCOHOL, SUSTANCIAS ESTUPEFACIENTES O PSICOTRÓPICAS Y/O MEDICAMENTOS.;MOTOCICLETA;1;0;NO;2024;8;28;2;MIERCOLES;11,566666666666666;11;MANANA;0,258819045102521;-0,9659258262890682;0,9749279121818236;-0,22252093395631434;1;5;45,45;MEDIO
2024-08-28;13:13:00;CUENCA;BAÑOS (CUENCA);RURAL;-2,919908;-79,063942;DE LOS HERVIDEROS;ROZAMIENTOS;CONDUCE BAJO LA INFLUENCIA DE ALCOHOL, SUSTANCIAS ESTUPEFACIENTES O PSICOTRÓPICAS Y/O MEDICAMENTOS.;AUTOMÓVIL;2;0;NO;2024;8;28;2;MIERCOLES;13,216666666666667;13;TARDE;-0,2588190451025208;-0,9659258262890683;0,9749279121818236;-0,22252093395631434;2;1;9,09;BAJO
2024-08-28;14:49:00;CUENCA;CUENCA;URBANA;-2,879667;-78,981968;AV DE LAS AMÉRICAS  Y JUAN IGNACIO GÓMEZ DE ARCE;COLISIÓN;NO MANTENER LA DISTANCIA PRUDENCIAL CON RESPECTO AL VEHÍCULO QUE LE ANTECEDE.;CAMIONETA;0;0;NO;2024;8;28;2;MIERCOLES;14,816666666666666;14;TARDE;-0,4999999999999997;-0,8660254037844388;0,9749279121818236;-0,22252093395631434;0;3;27,27;BAJO
2024-08-30;15:13:00;CUENCA;CUENCA;URBANA;-2,854213;-78,914861;RED ESTATAL E35 KM 691 Y CULTURA PIRINCAY;ROZAMIENTOS;CONDUCIR DESATENTO A LAS CONDICIONES DE TRÁNSITO (CELULAR, PANTALLAS DE VIDEO, COMIDA, MAQUILLAJE O CUALQUIER OTRO ELEMENTO DISTRACTOR).;MOTOCICLETA;1;0;NO;2024;8;30;4;VIERNES;15,216666666666667;15;TARDE;-0,7071067811865471;-0,7071067811865479;-0,433883739117558;-0,9009688679024191;1;3;27,27;BAJO