FECHA;HORA;CANTON;PARROQUIA;ZONA;LATITUD_Y;LONGITUD_X;DIRECCION;TIPO_DE_SINIESTRO;CAUSA_PROBABLE;TIPO_DE_VEHICULO_1;LESIONADOS;FALLECIDOS;FERIADO;ANIO;MES;DIA;DIA_SEMANA;NOMBRE_DIA;HORA_DECIMAL;HORA_NUM;RANGO_HORARIO;HORA_SIN;HORA_COS;DIA_SIN;DIA_COS;TOTAL_VICTIMAS;NUM_ACCIDENTES;RIESGO_PORCENTAJE;NIVEL_RIESGO
2024-08-28;15:09:00;CUENCA;CUENCA;URBANA;-2,912423;-79,033661;DON BOSCO Y FRAY GASPAR DE CARVAJAL;CHOQUE LATERAL;NO RESPETAR LAS SEÑALES REGLAMENTARIAS DE TRÁNSITO. (PARE, CEDA EL PASO, LUZ ROJA DEL SEMAFORO, ETC).;MOTOCICLETA;2;0;NO;2024;8;28;2;MIERCOLES;15,15;15;TARDE;-0,7071067811865471;-0,7071067811865479;0,9749279121818236;-0,22252093395631434;2;3;27,27;BAJO
2024-08-28;21:02:00;CUENCA;CUENCA;URBANA;-2,882076;-79,051678;DEL TEJAR Y DEL ARRIERO;ESTRELLAMIENTOS;CONDUCIR DESATENTO A LAS CONDICIONES DE TRÁNSITO (CELULAR, PANTALLAS DE VIDEO, COMIDA, MAQUILLAJE O CUALQUIER OTRO ELEMENTO DISTRACTOR).;VEHÍCULO DEPORTIVO UTILITARIO;0;0;NO;2024;8;28;2;MIERCOLES;21,033333333333335;21;NOCHE;-0,7071067811865477;0,7071067811865474;0,9749279121818236;-0,22252093395631434;0;2;18,18;BAJO
2024-08-28;20:05:00;CUENCA;CUENCA;URBANA;-2,902568;-79,032633;DANIEL FERNÁNDEZ DE CORDOVA Y MIGUEL ALBERTO TORAL;ARROLLAMIENTOS;PEATÓN TRANSITA BAJO INFLUENCIA DE ALCOHOL, SUSTANCIAS ESTUPEFACIENTES O PSICOTRÓPICAS Y/O MEDICAMENTOS.;CAMIÓN;1;0;NO;2024;8;28;2;MIERCOLES;20,083333333333332;20;NOCHE;-0,8660254037844386;0,5000000000000001;0,9749279121818236;-0,22252093395631434;1;2;18,18;BAJO
2024-08-30;09:10:00;CUENCA;CUENCA;URBANA;-2,907232;-79,026439;PRIMERO DE MAYO Y LOJA;CHOQUE LATERAL;NO RESPETAR LAS SEÑALES REGLAMENTARIAS DE TRÁNSITO. (PARE, CEDA EL PASO, LUZ ROJA DEL SEMAFORO, ETC).;BICICLETA;1;0;NO;2024;8;30;4;VIERNES;9,166666666666666;9;MANANA;0,7071067811865476;-0,7071067811865475;-0,433883739117558;-0,9009688679024191;1;5;45,45;MEDIO
2024-08-30;08:21:00;CUENCA;CUENCA;URBANA;-2,888721;-79,020925;AV DE LAS AMERICAS Y CAYAMBE;CHOQUE LATERAL;CONDUCIR DESATENTO A LAS CONDICIONES DE TRÁNSITO (CELULAR, PANTALLAS DE VIDEO, COMIDA, MAQUILLAJE O CUALQUIER OTRO ELEMENTO DISTRACTOR).;CAMIONETA;0;0;NO;2024;8;30;4;VIERNES;8,35;8;MANANA;0,8660254037844387;-0,4999999999999998;-0,433883739117558;-0,9009688679024191;0;5;45,45;MEDIO
2024-08-25;05:35:00;CUENCA;SININCAY;RURAL;-2,861478;-79,008844;VÍA A SININCAY;PÉRDIDA DE PISTA;CONDUCE BAJO LA INFLUENCIA DE ALCOHOL, SUSTANCIAS ESTUPEFACIENTES O PSICOTRÓPICAS Y/O MEDICAMENTOS.;AUTOMÓVIL;1;0;NO;2024;8;25;6;DOMINGO;5,583333333333333;5;MADRUGADA;0,9659258262890683;0,25881904510252074;-0,7818314824680299;0,6234898018587334;1;1;9,09;BAJO
2024-08-25;12:05:00;CUENCA;TURI;RURAL;-2,956424;-79,022944;LA VIA SUBIDA CORAZÓN JESUS Y SIN NOMBRE;PÉRDIDA DE PISTA;MALAS CONDICIONES DE LA VÍA Y/O CONFIGURACIÓN. (ILUMINACIÓN Y DISEÑO).;VEHÍCULO DEPORTIVO UTILITARIO;1;0;NO;2024;8;25;6;DOMINGO;12,083333333333334;12;TARDE;1,2246467991473532e-16;-1,0;-0,7818314824680299;0,6234898018587334;1;1;9,09;BAJO
2024-08-26;01:04:00;CUENCA;CUENCA;URBANA;-2,867715;-78,983743;CAMINO A PATAMARCA Y DE LOS CHASQUIS;PÉRDIDA DE PISTA;CONDUCE BAJO LA INFLUENCIA DE ALCOHOL, SUSTANCIAS ESTUPEFACIENTES O PSICOTRÓPICAS Y/O MEDICAMENTOS.;AUTOMÓVIL;0;0;NO;2024;8;26;0;LUNES;1,0666666666666667;1;MADRUGADA;0,25881904510252074;0,9659258262890683;0,0;1,0;0;1;9,09;BAJO
2024-08-25;18:57:00;CUENCA;CUENCA;URBANA;-2,884012;-78,981012;ESPAÑA Y GIL RAMIREZ DAVALOS;CHOQUE LATERAL;NO RESPETAR LAS SEÑALES REGLAMENTARIAS DE TRÁNSITO. (PARE, CEDA EL PASO, LUZ ROJA DEL SEMAFORO, ETC).;VEHÍCULO DEPORTIVO UTILITARIO;5;0;NO;2024;8;25;6;DOMINGO;18,95;18;NOCHE;-1,0;-1,8369701987210297e-16;-0,7818314824680299;0,6234898018587334;5;1;9,09;BAJO
2024-08-25;20:29:00;CUENCA;BAÑOS (CUENCA);RURAL;-2,922276;-79,066334;RICARDO DURAN Y ALFONSO CARRION;ESTRELLAMIENTOS;CONDUCIR DESATENTO A LAS CONDICIONES DE TRÁNSITO (CELULAR, PANTALLAS DE VIDEO, COMIDA, MAQUILLAJE O CUALQUIER OTRO ELEMENTO DISTRACTOR).;BUS;0;0;NO;2024;8;25;6;DOMINGO;20,483333333333334;20;NOCHE;-0,8660254037844386;0,5000000000000001;-0,7818314824680299;0,6234898018587334;0;1;9,09;BAJO
2024-08-30;19:04:00;CUENCA;CUENCA;URBANA;-2,912648;-79,002107;10 DE AGOSTO Y JACINTO FLORES;ATROPELLOS;NO CEDER EL DERECHO DE VÍA O PREFERENCIA DE PASO AL PEATÓN.;NO IDENTIFICADO;1;0;NO;2024;8;30;4;VIERNES;19,066666666666666;19;NOCHE;-0,9659258262890684;0,2588190451025203;-0,433883739117558;-0,9009688679024191;1;3;27,27;BAJO
2024-08-31;14:14:00;CUENCA;CUENCA;URBANA;-2,915348;-79,025721;DON BOSCO Y BARTOLOME RUIZ;CHOQUE POSTERIOR;CONDUCE BAJO LA INFLUENCIA DE ALCOHOL, SUSTANCIAS ESTUPEFACIENTES O PSICOTRÓPICAS Y/O MEDICAMENTOS.;MOTOCICLETA;1;0;NO;2024;8;31;5;SABADO;14,233333333333333;14;TARDE;-0,4999999999999997;-0,8660254037844388;-0,9749279121818236;-0,2225209339563146;1;1;9,09;BAJO
2024-08-30;18:02:00;CUENCA;CUENCA;URBANA;-2,874133;-79,037007;DE LOS CEREZOS Y DE LA COLINA;ESTRELLAMIENTOS;CONDUCIR DESATENTO A LAS CONDICIONES DE TRÁNSITO (CELULAR, PANTALLAS DE VIDEO, COMIDA, MAQUILLAJE O CUALQUIER OTRO ELEMENTO DISTRACTOR).;FURGONETA;1;0;NO;2024;8;30;4;VIERNES;18,033333333333335;18;NOCHE;-1,0;-1,8369701987210297e-16;-0,433883739117558;-0,9009688679024191;1;3;27,27;BAJO
2024-08-22;22:21:00;CUENCA;CUENCA;URBANA;-2,896672;-78,974404;LOS ANDES Y GONZÁLEZ SUÁREZ;PÉRDIDA DE PISTA;CONDUCE BAJO LA INFLUENCIA DE ALCOHOL, SUSTANCIAS ESTUPEFACIENTES O PSICOTRÓPICAS Y/O MEDICAMENTOS.;NO IDENTIFICADO;1;0;NO;2024;8;22;3;JUEVES;22,35;22;NOCHE;-0,5000000000000004;0,8660254037844384;0,43388373911755823;-0,900968867902419;1;9;81,82;ALTO
2024-08-16;14:54:00;CUENCA;CUENCA;URBANA;-2,909712;-78,982113;MAX UHLE Y RED ESTATAL E35 KM 701;CHOQUE POSTERIOR;NO MANTENER LA DISTANCIA PRUDENCIAL CON RESPECTO AL VEHÍCULO QUE LE ANTECEDE.;VEHÍCULO DEPORTIVO UTILITARIO;0;0;NO;2024;8;16;4;VIERNES;14,9;14;TARDE;-0,4999999999999997;-0,8660254037844388;-0,433883739117558;-0,9009688679024191;0;3;27,27;BAJO
2024-08-16;21:22:00;CUENCA;VALLE;RURAL;-2,922983;-78,978589;VIA AL VALLE Y VIA A SAN ANTONIO DE GAPAL;CHOQUE LATERAL;REALIZAR CAMBIO BRUSCO O INDEBIDO DE CARRIL.;CAMIONETA;0;0;NO;2024;8;16;4;VIERNES;21,366666666666667;21;NOCHE;-0,7071067811865477;0,7071067811865474;-0,433883739117558;-0,9009688679024191;0;1;9,09;BAJO
2024-09-01;09:45:00;CUENCA;LLACAO;RURAL;-2,840751;-78,881278;RED VIAL E 40 KM 0+250;CHOQUE FRONTAL;CONDUCIR EN SENTIDO CONTRARIO A LA VÍA NORMAL DE CIRCULACIÓN.;CAMIONETA;1;0;NO;2024;9;1;6;DOMINGO;9,75;9;MANANA;0,7071067811865476;-0,7071067811865475;-0,7818314824680299;0,6234898018587334;1;1;9,09;BAJO
2024-09-02;11:34:00;CUENCA;MOLLETURO;RURAL;-2,804194;-79,338417;E-582 KM 51 SENTIDO MOLLETURO-CUENCA;OTROS;CASO FORTUITO O FUERZA MAYOR (EXPLOSIÓN DE NEUMÁTICO NUEVO, DERRUMBE, INUNDACIÓN, CAÍDA DE PUENTE, ÁRBOL, PRESENCIA INTEMPESTIVA E IMPREVISTA DE SEMOVIENTES EN LA VÍA, ETC.).;CAMIÓN;0;0;NO;2024;9;2;0;LUNES;11,566666666666666;11;MANANA;0,258819045102521;-0,9659258262890682;0,0;1,0;0;1;9,09;BAJO
2024-09-04;00:58:00;CUENCA;MOLLETURO;RURAL;-2,625306;-79,459417;RED VIAL E-582 KM 104 APROX.;PÉRDIDA DE CARRIL;CONDUCIR DESATENTO A LAS CONDICIONES DE TRÁNSITO (CELULAR, PANTALLAS DE VIDEO, COMIDA, MAQUILLAJE O CUALQUIER OTRO ELEMENTO DISTRACTOR).;VEHÍCULO DEPORTIVO UTILITARIO;0;0;NO;2024;9;4;2;MIERCOLES;0,9666666666666667;0;MADRUGADA;0,0;1,0;0,9749279121818236;-0,22252093395631434;0;1;9,09;BAJO
2024-09-04;05:30:00;CUENCA;SAYAUSI;RURAL;-2,784583;-79,192889;RED VIAL E 582 KM 25;ESTRELLAMIENTOS;CONDUCIR DESATENTO A LAS CONDICIONES DE TRÁNSITO (CELULAR, PANTALLAS DE VIDEO, COMIDA, MAQUILLAJE O CUALQUIER OTRO ELEMENTO DISTRACTOR).;CAMIONETA;0;0;NO;2024;9;4;2;MIERCOLES;5,5;5;MADRUGADA;0,9659258262890683;0,25881904510252074;0,9749279121818236;-0,22252093395631434;0;1;9,09;BAJO
2024-09-04;22:38:00;CUENCA;BAÑOS (CUENCA);RURAL;-2,948889;-79,047139;RED VIAL E 35 KM 2;CHOQUE POSTERIOR;NO MANTENER LA DISTANCIA PRUDENCIAL CON RESPECTO AL VEHÍCULO QUE LE ANTECEDE.;MOTOCICLETA;1;0;NO;2024;9;4;2;MIERCOLES;22,633333333333333;22;NOCHE;-0,5000000000000004;0,8660254037844384;0,9749279121818236;-0,22252093395631434;1;1;9,09;BAJO
2024-09-08;05:10:00;CUENCA;TARQUI (CUENCA);RURAL;-3,015029;-79,039354;SE  ENCUENTRA UBICADO EN LA RED VIAL E-35 SENTIDO T DE TARQUI  -  CUENCA KM 10+800 APROXIMADAMENTE COMO   REFERENCIA A 100 METROS DEL INGRESO A TARQUI;CHOQUE FRONTAL;CONDUCIR EN SENTIDO CONTRARIO A LA VÍA NORMAL DE CIRCULACIÓN.;MOTOCICLETA;1;0;NO;2024;9;8;6;DOMINGO;5,166666666666667;5;MADRUGADA;0,9659258262890683;0,25881904510252074;-0,7818314824680299;0,6234898018587334;1;1;9,09;BAJO
2024-09-16;22:34:00;CUENCA;SAYAUSI;RURAL;-2,810306;-79,153111;RED VIAL E 582 KM 18 APROXIMADAMENTE.;PÉRDIDA DE CARRIL;CONDUCIR DESATENTO A LAS CONDICIONES DE TRÁNSITO (CELULAR, PANTALLAS DE VIDEO, COMIDA, MAQUILLAJE O CUALQUIER OTRO ELEMENTO DISTRACTOR).;CAMIONETA;2;0;NO;2024;9;16;0;LUNES;22,566666666666666;22;NOCHE;-0,5000000000000004;0,8660254037844384;0,0;1,0;2;1;9,09;BAJO
2024-09-21;06:10:00;CUENCA;TARQUI (CUENCA);RURAL;-2,976649;-79,047727;SE  ENCUENTRA UBICADO EN LA RED VIAL E-35   SENTIDO  T DE TARQUI  -  CUENCA, CARRIL DERECHO ÚNICO DE CIRCULACIÓN  Y AL LLEGAR AL KM  4 APROXIMADAMENTE.;CHOQUE FRONTAL;CONDUCIR EN SENTIDO CONTRARIO A LA VÍA NORMAL DE CIRCULACIÓN.;NO IDENTIFICADO;1;0;NO;2024;9;21;5;SABADO;6,166666666666667;6;MANANA;1,0;6,123233995736766e-17;-0,9749279121818236;-0,2225209339563146;1;1;9,09;BAJO
2024-09-23;11:30:00;CUENCA;CUMBE;RURAL;-3,103056;-79,008889;SE  ENCUENTRA UBICADO EN LA RED VIAL E-35   SENTIDO  LOJA  -  CUENCA, CARRIL DERECHO ÚNICO DE CIRCULACIÓN  Y AL LLEGAR AL KM 9+80 APROXIMADAMENTE;PÉRDIDA DE CARRIL;CONDUCIR DESATENTO A LAS CONDICIONES DE TRÁNSITO (CELULAR, PANTALLAS DE VIDEO, COMIDA, MAQUILLAJE O CUALQUIER OTRO ELEMENTO DISTRACTOR).;CAMIÓN;1;0;NO;2024;9;23;0;LUNES;11,5;11;MANANA;0,258819045102521;-0,9659258262890682;0,0;1,0;1;1;9,09;BAJO
2024-09-23;14:00:00;CUENCA;MOLLETURO;RURAL;-2,675605;-79,464662;SE ENCUENTRA UBICADO EN LA RED VIAL E-582 SENTIDO CUENCA  - GUAYAQUIL, CARRIL DERECHO ÚNICO DE CIRCULACIÓN Y AL LLEGAR AL KM 84+020 APROXIMADAMENTE A 150 METROS DEL POSTE Nº221702;PÉRDIDA DE CARRIL;CONDUCIR DESATENTO A LAS CONDICIONES DE TRÁNSITO (CELULAR, PANTALLAS DE VIDEO, COMIDA, MAQUILLAJE O CUALQUIER OTRO ELEMENTO DISTRACTOR).;VEHÍCULO DEPORTIVO UTILITARIO;1;0;NO;2024;9;23;0;LUNES;14,0;14;TARDE;-0,4999999999999997;-0,8660254037844388;0,0;1,0;1;1;9,09;BAJO
2024-09-29;23:01:00;CUENCA;VICTORIA DEL PORTETE;RURAL;-3,053611;-79,047222;RED VIAL E 35 KM 0+080;PÉRDIDA DE CARRIL;CONDUCIR DESATENTO A LAS CONDICIONES DE TRÁNSITO (CELULAR, PANTALLAS DE VIDEO, COMIDA, MAQUILLAJE O CUALQUIER OTRO ELEMENTO DISTRACTOR).;VEHÍCULO DEPORTIVO UTILITARIO;0;0;NO;2024;9;29;6;DOMINGO;23,016666666666666;23;NOCHE;-0,25881904510252157;0,9659258262890681;-0,7818314824680299;0,6234898018587334;0;1;9,09;BAJO
2024-09-30;12:58:00;CUENCA;SAYAUSI;RURAL;-2,839694;-79,125528;RED VIAL E 582 KM 13+890;ATROPELLOS;CONDUCIR DESATENTO A LAS CONDICIONES DE TRÁNSITO (CELULAR, PANTALLAS DE VIDEO, COMIDA, MAQUILLAJE O CUALQUIER OTRO ELEMENTO DISTRACTOR).;CAMIONETA;1;0;NO;2024;9;30;0;LUNES;12,966666666666667;12;TARDE;1,2246467991473532e-16;-1,0;0,0;1,0;1;1;9,09;BAJO
2024-09-01;03:45:00;CUENCA;CHIQUINTAD;RURAL;-2,818672;-78,992601;VÍA A CHIQUINTAD Y SN;PÉRDIDA DE PISTA;CONDUCIR DESATENTO A LAS CONDICIONES DE TRÁNSITO (CELULAR, PANTALLAS DE VIDEO, COMIDA, MAQUILLAJE O CUALQUIER OTRO ELEMENTO DISTRACTOR).;NO IDENTIFICADO;1;0;NO;2024;9;1;6;DOMINGO;3,75;3;MADRUGADA;0,7071067811865476;0,7071067811865476;-0,7818314824680299;0,6234898018587334;1;1;9,09;BAJO
2024-09-01;08:54:00;CUENCA;RICAURTE (CUENCA);RURAL;-2,864366;-78,959904;VICENTE PACHECO Y SN;ESTRELLAMIENTOS;CONDUCIR DESATENTO A LAS CONDICIONES DE TRÁNSITO (CELULAR, PANTALLAS DE VIDEO, COMIDA, MAQUILLAJE O CUALQUIER OTRO ELEMENTO DISTRACTOR).;CAMIONETA;0;1;NO;2024;9;1;6;DOMINGO;8,9;8;MANANA;0,8660254037844387;-0,4999999999999998;-0,7818314824680299;0,6234898018587334;1;1;9,09;BAJO
2024-09-02;11:54:00;CUENCA;CUENCA;URBANA;-2,903215;-79,030846;AV. DE LAS AMÉRICAS Y LAS ANTILLAS;ATROPELLOS;NO TRANSITAR POR LAS ACERAS O ZONAS DE SEGURIDAD DESTINADAS PARA EL EFECTO.;ESPECIAL;1;0;NO;2024;9;2;0;LUNES;11,9;11;MANANA;0,258819045102521;-0,9659258262890682;0,0;1,0;1;11;100,0;ALTO
2024-09-02;16:24:00;CUENCA;CUENCA;URBANA;-2,888732;-79,016664;AV AMERICAS Y DANIEL ALVARADO;CHOQUE POSTERIOR;CONDUCIR DESATENTO A LAS CONDICIONES DE TRÁNSITO (CELULAR, PANTALLAS DE VIDEO, COMIDA, MAQUILLAJE O CUALQUIER OTRO ELEMENTO DISTRACTOR).;AUTOMÓVIL;0;0;NO;2024;9;2;0;LUNES;16,4;16;TARDE;-0,8660254037844385;-0,5000000000000004;0,0;1,0;0;8;72,73;ALTO
2024-09-02;19:15:00;CUENCA;CUENCA;URBANA;-2,882221;-78,987059;AV. DE LAS AMÉRICAS OBISPO MIGUEL LEÓN;ESTRELLAMIENTOS;CONDUCIR DESATENTO A LAS CONDICIONES DE TRÁNSITO (CELULAR, PANTALLAS DE VIDEO, COMIDA, MAQUILLAJE O CUALQUIER OTRO ELEMENTO DISTRACTOR).;CAMIONETA;0;0;NO;2024;9;2;0;LUNES;19,25;19;NOCHE;-0,9659258262890684;0,2588190451025203;0,0;1,0;0;9;81,82;ALTO
2024-09-02;19:30:00;CUENCA;CUENCA;URBANA;-2,889657;-78,998138;HEROES DE VERDELOMA Y TOMAS ORDOÑEZ;PÉRDIDA DE PISTA;CONDUCE BAJO LA INFLUENCIA DE ALCOHOL, SUSTANCIAS ESTUPEFACIENTES O PSICOTRÓPICAS Y/O MEDICAMENTOS.;VEHÍCULO DEPORTIVO UTILITARIO;0;0;NO;2024;9;2;0;LUNES;19,5;19;NOCHE;-0,9659258262890684;0,2588190451025203;0,0;1,0;0;9;81,82;ALTO
2024-09-03;03:50:00;CUENCA;CUENCA;URBANA;-2,908931;-78,981104;RED ESTATAL E35 KM 701 AUTOPISTA CUENCA AZOGUES Y MAX UHLE;ESTRELLAMIENTOS;CONDUCE BAJO LA INFLUENCIA DE ALCOHOL, SUSTANCIAS ESTUPEFACIENTES O PSICOTRÓPICAS Y/O MEDICAMENTOS.;CAMIONETA;1;0;NO;2024;9;3;1;MARTES;3,8333333333333335;3;MADRUGADA;0,7071067811865476;0,7071067811865476;0,7818314824680298;0,6234898018587336;1;3;27,27;BAJO
2024-09-03;21:42:00;CUENCA;CUENCA;URBANA;-2,888711;-79,002351;HÉROES DE VERDELOMA Y LUIS CORDERO;CHOQUE LATERAL;CONDUCE BAJO LA INFLUENCIA DE ALCOHOL, SUSTANCIAS ESTUPEFACIENTES O PSICOTRÓPICAS Y/O MEDICAMENTOS.;MOTOCICLETA;2;0;NO;2024;9;3;1;MARTES;21,7;21;NOCHE;-0,7071067811865477;0,7071067811865474;0,7818314824680298;0,6234898018587336;2;6;54,55;MEDIO
2024-09-04;02:35:00;CUENCA;CUENCA;URBANA;-2,891604;-78,968349;GONZALEZ SUAREZ Y REINA DE QUITO;PÉRDIDA DE CARRIL;CONDUCE BAJO LA INFLUENCIA DE ALCOHOL, SUSTANCIAS ESTUPEFACIENTES O PSICOTRÓPICAS Y/O MEDICAMENTOS.;MOTOCICLETA;1;0;NO;2024;9;4;2;MIERCOLES;2,5833333333333335;2;MADRUGADA;0,49999999999999994;0,8660254037844387;0,9749279121818236;-0,22252093395631434;1;2;18,18;BAJO
2024-09-04;13:00:00;CUENCA;CUENCA;URBANA;-2,897471;-79,023769;REMIGIO CRESPO TORAL Y EDWIN SACOTO;CHOQUE LATERAL;NO RESPETAR LAS SEÑALES REGLAMENTARIAS DE TRÁNSITO. (PARE, CEDA EL PASO, LUZ ROJA DEL SEMAFORO, ETC).;MOTOCICLETA;1;0;NO;2024;9;4;2;MIERCOLES;13,0;13;TARDE;-0,2588190451025208;-0,9659258262890683;0,9749279121818236;-0,22252093395631434;1;10;90,91;ALTO
2024-09-04;13:40:00;CUENCA;CUENCA;URBANA;-2,896642;-79,019471;UNIDAD NACIONAL Y DEL BATÁN;CHOQUE LATERAL;CONDUCIR DESATENTO A LAS CONDICIONES DE TRÁNSITO (CELULAR, PANTALLAS DE VIDEO, COMIDA, MAQUILLAJE O CUALQUIER OTRO ELEMENTO DISTRACTOR).;MOTOCICLETA;2;0;NO;2024;9;4;2;MIERCOLES;13,666666666666666;13;TARDE;-0,2588190451025208;-0,9659258262890683;0,9749279121818236;-0,22252093395631434;2;10;90,91;ALTO
2024-09-05;07:45:00;CUENCA;CUENCA;URBANA;-2,856791;-78,923957;RED ESTATAL E 35 KM 691;CHOQUE POSTERIOR;CONDUCIR DESATENTO A LAS CONDICIONES DE TRÁNSITO (CELULAR, PANTALLAS DE VIDEO, COMIDA, MAQUILLAJE O CUALQUIER OTRO ELEMENTO DISTRACTOR).;BICICLETA;2;0;NO;2024;9;5;3;JUEVES;7,75;7;MANANA;0,9659258262890683;-0,25881904510252063;0,43388373911755823;-0,900968867902419;2;5;45,45;MEDIO
2024-09-05;22:27:00;CUENCA;CUENCA;URBANA;-2,880005;-78,982371;AV DE LAS AMÉRICAS Y JUAN IGNACIO GÓMEZ DE ARCE;VOLCAMIENTOS;CONDUCE BAJO LA INFLUENCIA DE ALCOHOL, SUSTANCIAS ESTUPEFACIENTES O PSICOTRÓPICAS Y/O MEDICAMENTOS.;MOTOCICLETA;1;0;NO;2024;9;5;3;JUEVES;22,45;22;NOCHE;-0,5000000000000004;0,8660254037844384;0,43388373911755823;-0,900968867902419;1;5;45,45;MEDIO
2024-09-06;21:11:00;CUENCA;CUENCA;URBANA;-2,880466;-79,018517;JAMBELI Y GALTE;PÉRDIDA DE PISTA;CONDUCE BAJO LA INFLUENCIA DE ALCOHOL, SUSTANCIAS ESTUPEFACIENTES O PSICOTRÓPICAS Y/O MEDICAMENTOS.;AUTOMÓVIL;0;0;NO;2024;9;6;4;VIERNES;21,183333333333334;21;NOCHE;-0,7071067811865477;0,7071067811865474;-0,433883739117558;-0,9009688679024191;0;8;72,73;ALTO
2024-09-07;01:57:00;CUENCA;CHECA (JIDCAY);RURAL;-2,790132;-78,999274;VIA A CHECA Y SN;PÉRDIDA DE CARRIL;CONDUCIR DESATENTO A LAS CONDICIONES DE TRÁNSITO (CELULAR, PANTALLAS DE VIDEO, COMIDA, MAQUILLAJE O CUALQUIER OTRO ELEMENTO DISTRACTOR).;NO IDENTIFICADO;1;0;NO;2024;9;7;5;SABADO;1,95;1;MADRUGADA;0,25881904510252074;0,9659258262890683;-0,9749279121818236;-0,2225209339563146;1;1;9,09;BAJO
2024-09-07;17:42:00;CUENCA;CUENCA;URBANA;-2,897991;-78,987295;YANAHURCO Y RIO CUTUCU;ESTRELLAMIENTOS;CONDUCE BAJO LA INFLUENCIA DE ALCOHOL, SUSTANCIAS ESTUPEFACIENTES O PSICOTRÓPICAS Y/O MEDICAMENTOS.;VEHÍCULO DEPORTIVO UTILITARIO;0;0;NO;2024;9;7;5;SABADO;17,7;17;TARDE;-0,9659258262890683;-0,25881904510252063;-0,9749279121818236;-0,2225209339563146;0;4;36,36;BAJO
2024-09-07;18:03:00;CUENCA;CUENCA;URBANA;-2,889873;-79,023484;AV AMERICAS Y DEL TEJAR;PÉRDIDA DE CARRIL;CONDUCIR DESATENTO A LAS CONDICIONES DE TRÁNSITO (CELULAR, PANTALLAS DE VIDEO, COMIDA, MAQUILLAJE O CUALQUIER OTRO ELEMENTO DISTRACTOR).;MOTOCICLETA;1;0;NO;2024;9;7;5;SABADO;18,05;18;NOCHE;-1,0;-1,8369701987210297e-16;-0,9749279121818236;-0,2225209339563146;1;11;100,0;ALTO
2024-09-07;21:24:00;CUENCA;QUINGEO;RURAL;-3,039597;-78,942561;VIA A CUMBE QUINGEO Y SN;ATROPELLOS;CONDUCIR DESATENTO A LAS CONDICIONES DE TRÁNSITO (CELULAR, PANTALLAS DE VIDEO, COMIDA, MAQUILLAJE O CUALQUIER OTRO ELEMENTO DISTRACTOR).;NO IDENTIFICADO;0;1;NO;2024;9;7;5;SABADO;21,4;21;NOCHE;-0,7071067811865477;0,7071067811865474;-0,9749279121818236;-0,2225209339563146;1;1;9,09;BAJO
2024-09-08;12:21:00;CUENCA;CUENCA;URBANA;-2,918451;-79,039101;AV AMERICAS Y JUAN LARREA;CHOQUE LATERAL;CONDUCIR DESATENTO A LAS CONDICIONES DE TRÁNSITO (CELULAR, PANTALLAS DE VIDEO, COMIDA, MAQUILLAJE O CUALQUIER OTRO ELEMENTO DISTRACTOR).;AUTOMÓVIL;0;0;NO;2024;9;8;6;DOMINGO;12,35;12;TARDE;1,2246467991473532e-16;-1,0;-0,7818314824680299;0,6234898018587334;0;5;45,45;MEDIO
2024-09-08;19:49:00;CUENCA;VALLE;RURAL;-2,924654;-78,976691;VIA AL VALLE Y ENTRADA A CHILCAPAMBA;PÉRDIDA DE CARRIL;CONDUCIR DESATENTO A LAS CONDICIONES DE TRÁNSITO (CELULAR, PANTALLAS DE VIDEO, COMIDA, MAQUILLAJE O CUALQUIER OTRO ELEMENTO DISTRACTOR).;AUTOMÓVIL;0;0;NO;2024;9;8;6;DOMINGO;19,816666666666666;19;NOCHE;-0,9659258262890684;0,2588190451025203;-0,7818314824680299;0,6234898018587334;0;1;9,09;BAJO
2024-09-09;09:52:00;CUENCA;CUENCA;URBANA;-2,878355;-78,981143;DEL TORIL Y PASEO RIO MACHANGARA;CHOQUE LATERAL;REALIZAR CAMBIO BRUSCO O INDEBIDO DE CARRIL.;MOTOCICLETA;1;0;NO;2024;9;9;0;LUNES;9,866666666666667;9;MANANA;0,7071067811865476;-0,7071067811865475;0,0;1,0;1;11;100,0;ALTO
2024-09-09;12:49:00;CUENCA;CUENCA;URBANA;-2,888063;-79,005362;HEROES DE VERDELOMA Y GENERAL TORRES;CHOQUE LATERAL;NO RESPETAR LAS SEÑALES REGLAMENTARIAS DE TRÁNSITO. (PARE, CEDA EL PASO, LUZ ROJA DEL SEMAFORO, ETC).;MOTOCICLETA;1;0;NO;2024;9;9;0;LUNES;12,816666666666666;12;TARDE;1,2246467991473532e-16;-1,0;0,0;1,0;1;8;72,73;ALTO
2024-09-09;20:57:00;CUENCA;CUENCA;URBANA;-2,881617;-79,055568;DEL TEJAR Y SAN MIGUEL DE PUTUSHI;ESTRELLAMIENTOS;CONDUCE BAJO LA INFLUENCIA DE ALCOHOL, SUSTANCIAS ESTUPEFACIENTES O PSICOTRÓPICAS Y/O MEDICAMENTOS.;VEHÍCULO DEPORTIVO UTILITARIO;2;0;NO;2024;9;9;0;LUNES;20,95;20;NOCHE;-0,8660254037844386;0,5000000000000001;0,0;1,0;2;9;81,82;ALTO