FECHA;HORA;CANTON;PARROQUIA;ZONA;LATITUD_Y;LONGITUD_X;DIRECCION;TIPO_DE_SINIESTRO;CAUSA_PROBABLE;TIPO_DE_VEHICULO_1;LESIONADOS;FALLECIDOS;FERIADO;ANIO;MES;DIA;DIA_SEMANA;NOMBRE_DIA;HORA_DECIMAL;HORA_NUM;RANGO_HORARIO;HORA_SIN;HORA_COS;DIA_SIN;DIA_COS;TOTAL_VICTIMAS;NUM_ACCIDENTES;RIESGO_PORCENTAJE;NIVEL_RIESGO
2024-09-22;12:25:00;CUENCA;CUENCA;URBANA;-2,908162;-78,983679;AVENIDA 24 DE MAYO Y AVENIDA MAX UHLE;PÉRDIDA DE CARRIL;CONDUCE BAJO LA INFLUENCIA DE ALCOHOL, SUSTANCIAS ESTUPEFACIENTES O PSICOTRÓPICAS Y/O MEDICAMENTOS.;VEHÍCULO DEPORTIVO UTILITARIO;0;0;NO;2024;9;22;6;DOMINGO;12,416666666666666;12;TARDE;1,2246467991473532e-16;-1,0;-0,7818314824680299;0,6234898018587334;0;5;45,45;MEDIO
2024-09-23;06:47:00;CUENCA;CUENCA;RURAL;-2,857985;-78,925073;RED ESTATAL E35 KM 697 Y SN;ESTRELLAMIENTOS;CONDUCIR DESATENTO A LAS CONDICIONES DE TRÁNSITO (CELULAR, PANTALLAS DE VIDEO, COMIDA, MAQUILLAJE O CUALQUIER OTRO ELEMENTO DISTRACTOR).;CAMIÓN;1;0;NO;2024;9;23;0;LUNES;6,783333333333333;6;MANANA;1,0;6,123233995736766e-17;0,0;1,0;1;1;9,09;BAJO
2024-09-23;07:45:00;CUENCA;CUENCA;URBANA;-2,900787;-79,008179;12 DE ABRIL Y AGUSTIN CUEVA VALLEJO;COLISIÓN;NO MANTENER LA DISTANCIA PRUDENCIAL CON RESPECTO AL VEHÍCULO QUE LE ANTECEDE.;AUTOMÓVIL;0;0;NO;2024;9;23;0;LUNES;7,75;7;MANANA;0,9659258262890683;-0,25881904510252063;0,0;1,0;0;11;100,0;ALTO
2024-09-23;10:18:00;CUENCA;CUENCA;URBANA;-2,894995;-79,011837;MIGUEL VELEZ Y SIMON BOLIVAR;CHOQUE LATERAL;NO RESPETAR LAS SEÑALES REGLAMENTARIAS DE TRÁNSITO. (PARE, CEDA EL PASO, LUZ ROJA DEL SEMAFORO, ETC).;AUTOMÓVIL;0;0;NO;2024;9;23;0;LUNES;10,3;10;MANANA;0,49999999999999994;-0,8660254037844387;0,0;1,0;0;11;100,0;ALTO
2024-09-23;10:29:00;CUENCA;CUENCA;URBANA;-2,876109;-79,040511;DEL BABACO Y SN;CHOQUE LATERAL;CONDUCIR EN SENTIDO CONTRARIO A LA VÍA NORMAL DE CIRCULACIÓN.;AUTOMÓVIL;0;0;NO;2024;9;23;0;LUNES;10,483333333333333;10;MANANA;0,49999999999999994;-0,8660254037844387;0,0;1,0;0;11;100,0;ALTO
2024-09-23;16:48:00;CUENCA;PACCHA (CUENCA);RURAL;-2,896744;-78,932872;VIA A PACCHA Y SN;ESTRELLAMIENTOS;CONDUCIR DESATENTO A LAS CONDICIONES DE TRÁNSITO (CELULAR, PANTALLAS DE VIDEO, COMIDA, MAQUILLAJE O CUALQUIER OTRO ELEMENTO DISTRACTOR).;AUTOMÓVIL;0;0;NO;2024;9;23;0;LUNES;16,8;16;TARDE;-0,8660254037844385;-0,5000000000000004;0,0;1,0;0;1;9,09;BAJO
2024-09-23;18:15:00;CUENCA;CUENCA;URBANA;-2,896793;-78,996626;HUAYNA CAPAC Y MARISCAL LAMAR;ESTRELLAMIENTOS;CONDUCIR DESATENTO A LAS CONDICIONES DE TRÁNSITO (CELULAR, PANTALLAS DE VIDEO, COMIDA, MAQUILLAJE O CUALQUIER OTRO ELEMENTO DISTRACTOR).;CAMIÓN;0;0;NO;2024;9;23;0;LUNES;18,25;18;NOCHE;-1,0;-1,8369701987210297e-16;0,0;1,0;0;9;81,82;ALTO
2024-09-24;08:40:00;CUENCA;CUENCA;URBANA;-2,859356;-78,933104;PANAMERICANA NORTE Y VIA A LLACAO;CHOQUE LATERAL;NO CEDER EL DERECHO DE VÍA O PREFERENCIA DE PASO A VEHÍCULOS.;CAMIONETA;1;0;NO;2024;9;24;1;MARTES;8,666666666666666;8;MANANA;0,8660254037844387;-0,4999999999999998;0,7818314824680298;0,6234898018587336;1;6;54,55;MEDIO
2024-09-24;20:41:00;CUENCA;CUENCA;URBANA;-2,898791;-79,005176;BENIGNO MALO Y PRESIDENTE CÓRDOVA;CHOQUE LATERAL;NO RESPETAR LAS SEÑALES REGLAMENTARIAS DE TRÁNSITO. (PARE, CEDA EL PASO, LUZ ROJA DEL SEMAFORO, ETC).;MOTOCICLETA;2;0;NO;2024;9;24;1;MARTES;20,683333333333334;20;NOCHE;-0,8660254037844386;0,5000000000000001;0,7818314824680298;0,6234898018587336;2;6;54,55;MEDIO
2024-09-24;23:27:00;CUENCA;CUENCA;URBANA;-2,893041;-79,003163;LUIS CORDERO Y ANTONIO VEGA MUÑOZ;CHOQUE LATERAL;NO RESPETAR LAS SEÑALES REGLAMENTARIAS DE TRÁNSITO. (PARE, CEDA EL PASO, LUZ ROJA DEL SEMAFORO, ETC).;NO IDENTIFICADO;2;0;NO;2024;9;24;1;MARTES;23,45;23;NOCHE;-0,25881904510252157;0,9659258262890681;0,7818314824680298;0,6234898018587336;2;6;54,55;MEDIO
2024-09-25;17:21:00;CUENCA;CUENCA;URBANA;-2,873014;-78,976381;CORNELIO VINTIMILLA Y JUAN ELJURI CHICA;CHOQUE LATERAL;CONDUCIR DESATENTO A LAS CONDICIONES DE TRÁNSITO (CELULAR, PANTALLAS DE VIDEO, COMIDA, MAQUILLAJE O CUALQUIER OTRO ELEMENTO DISTRACTOR).;MOTOCICLETA;1;0;NO;2024;9;25;2;MIERCOLES;17,35;17;TARDE;-0,9659258262890683;-0,25881904510252063;0,9749279121818236;-0,22252093395631434;1;10;90,91;ALTO
2024-09-25;18:30:00;CUENCA;CUENCA;URBANA;-2,911025;-79,008737;SOLANO Y 10 DE AGOSTO;CHOQUE LATERAL;NO CEDER EL DERECHO DE VÍA O PREFERENCIA DE PASO A VEHÍCULOS.;MOTOCICLETA;1;0;NO;2024;9;25;2;MIERCOLES;18,5;18;NOCHE;-1,0;-1,8369701987210297e-16;0,9749279121818236;-0,22252093395631434;1;2;18,18;BAJO
2024-09-25;20:13:00;CUENCA;SAN JOAQUIN;RURAL;-2,951943;-79,235389;VÍA A SALDADOS-CHAUCHA;ESTRELLAMIENTOS;CONDUCIR DESATENTO A LAS CONDICIONES DE TRÁNSITO (CELULAR, PANTALLAS DE VIDEO, COMIDA, MAQUILLAJE O CUALQUIER OTRO ELEMENTO DISTRACTOR).;NO IDENTIFICADO;0;0;NO;2024;9;25;2;MIERCOLES;20,216666666666665;20;NOCHE;-0,8660254037844386;0,5000000000000001;0,9749279121818236;-0,22252093395631434;0;1;9,09;BAJO
2024-09-26;11:57:00;CUENCA;MOLLETURO;RURAL;-2,748381;-79,397421;VÍA PATUL NINGUNA;VOLCAMIENTOS;MALAS CONDICIONES DE LA VÍA Y/O CONFIGURACIÓN. (ILUMINACIÓN Y DISEÑO).;NO IDENTIFICADO;1;0;NO;2024;9;26;3;JUEVES;11,95;11;MANANA;0,258819045102521;-0,9659258262890682;0,43388373911755823;-0,900968867902419;1;1;9,09;BAJO
2024-09-26;13:29:00;CUENCA;CUENCA;URBANA;-2,897295;-79,024041;REMIGIO CRESPO Y LA ÉPOCA;CHOQUE LATERAL;NO RESPETAR LAS SEÑALES REGLAMENTARIAS DE TRÁNSITO. (PARE, CEDA EL PASO, LUZ ROJA DEL SEMAFORO, ETC).;BUS;0;0;NO;2024;9;26;3;JUEVES;13,483333333333333;13;TARDE;-0,2588190451025208;-0,9659258262890683;0,43388373911755823;-0,900968867902419;0;9;81,82;ALTO
2024-09-26;14:03:00;CUENCA;CUENCA;URBANA;-2,889736;-78,982121;HURTADO DE MENDOZA Y SARAURCO;CHOQUE LATERAL;REALIZAR CAMBIO BRUSCO O INDEBIDO DE CARRIL.;MOTOCICLETA;1;0;NO;2024;9;26;3;JUEVES;14,05;14;TARDE;-0,4999999999999997;-0,8660254037844388;0,43388373911755823;-0,900968867902419;1;9;81,82;ALTO
2024-09-27;08:25:00;CUENCA;CUENCA;URBANA;-2,892708;-79,000089;PIO BRAVO Y MARIANO CUEVA;CHOQUE LATERAL;REALIZAR CAMBIO BRUSCO O INDEBIDO DE CARRIL.;BUS;0;0;NO;2024;9;27;4;VIERNES;8,416666666666666;8;MANANA;0,8660254037844387;-0,4999999999999998;-0,433883739117558;-0,9009688679024191;0;4;36,36;BAJO
2024-09-27;17:45:00;CUENCA;CUENCA;URBANA;-2,896726;-79,030601;CARLOS ARIZAGA VEGA Y MARIANO ESTRELLA;ATROPELLOS;CONDUCE BAJO LA INFLUENCIA DE ALCOHOL, SUSTANCIAS ESTUPEFACIENTES O PSICOTRÓPICAS Y/O MEDICAMENTOS.;NO IDENTIFICADO;1;0;NO;2024;9;27;4;VIERNES;17,75;17;TARDE;-0,9659258262890683;-0,25881904510252063;-0,433883739117558;-0,9009688679024191;1;8;72,73;ALTO
2024-09-27;17:47:00;CUENCA;CUENCA;URBANA;-2,880871;-79,015973;PEDRO LÓPEZ DE ARGUDO Y AGUSTÍN IGLESIAS LINARES;CHOQUE LATERAL;CONDUCE BAJO LA INFLUENCIA DE ALCOHOL, SUSTANCIAS ESTUPEFACIENTES O PSICOTRÓPICAS Y/O MEDICAMENTOS.;MOTOCICLETA;1;0;NO;2024;9;27;4;VIERNES;17,783333333333335;17;TARDE;-0,9659258262890683;-0,25881904510252063;-0,433883739117558;-0,9009688679024191;1;8;72,73;ALTO
2024-09-27;21:11:00;CUENCA;CUENCA;URBANA;-2,900026;-79,000331;PRESIDENTE CORDOVA Y ANTONIO VARGAS MACHUCA;CHOQUE LATERAL;DISPOSITIVO REGULADOR DE TRÁNSITO EN MAL ESTADO DE FUNCIONAMIENTO (SEMÁFORO).;VEHÍCULO DEPORTIVO UTILITARIO;1;0;NO;2024;9;27;4;VIERNES;21,183333333333334;21;NOCHE;-0,7071067811865477;0,7071067811865474;-0,433883739117558;-0,9009688679024191;1;8;72,73;ALTO
2024-09-28;17:48:00;CUENCA;CUENCA;URBANA;-2,914101;-79,041315;JULIO VINUEZA Y CAMINO VIEJO A BAÑOS;ATROPELLOS;CONDUCE BAJO LA INFLUENCIA DE ALCOHOL, SUSTANCIAS ESTUPEFACIENTES O PSICOTRÓPICAS Y/O MEDICAMENTOS.;VEHÍCULO DEPORTIVO UTILITARIO;1;0;NO;2024;9;28;5;SABADO;17,8;17;TARDE;-0,9659258262890683;-0,25881904510252063;-0,9749279121818236;-0,2225209339563146;1;4;36,36;BAJO
2024-09-28;22:58:00;CUENCA;CUENCA;URBANA;-2,883455;-79,056062;ORDOÑEZ LASSO Y DE LA HIERBABUENA;ESTRELLAMIENTOS;CONDUCE BAJO LA INFLUENCIA DE ALCOHOL, SUSTANCIAS ESTUPEFACIENTES O PSICOTRÓPICAS Y/O MEDICAMENTOS.;CAMIONETA;1;0;NO;2024;9;28;5;SABADO;22,966666666666665;22;NOCHE;-0,5000000000000004;0,8660254037844384;-0,9749279121818236;-0,2225209339563146;1;11;100,0;ALTO
2024-09-29;15:05:00;CUENCA;CUENCA;URBANA;-2,910355;-79,021879;ISABEL LA CATOLICA Y LOPE DE VEGA;CHOQUE LATERAL;NO RESPETAR LAS SEÑALES REGLAMENTARIAS DE TRÁNSITO. (PARE, CEDA EL PASO, LUZ ROJA DEL SEMAFORO, ETC).;MOTOCICLETA;1;0;NO;2024;9;29;6;DOMINGO;15,083333333333334;15;TARDE;-0,7071067811865471;-0,7071067811865479;-0,7818314824680299;0,6234898018587334;1;5;45,45;MEDIO
2024-09-29;22:10:00;CUENCA;PACCHA (CUENCA);RURAL;-2,913731;-78,937031;VIA MONAY BAGUANCHI - PACCHA;ATROPELLOS;CONDUCE BAJO LA INFLUENCIA DE ALCOHOL, SUSTANCIAS ESTUPEFACIENTES O PSICOTRÓPICAS Y/O MEDICAMENTOS.;NO IDENTIFICADO;1;0;NO;2024;9;29;6;DOMINGO;22,166666666666668;22;NOCHE;-0,5000000000000004;0,8660254037844384;-0,7818314824680299;0,6234898018587334;1;1;9,09;BAJO
2024-09-29;22:20:00;CUENCA;CUENCA;URBANA;-2,911823;-78,993963;DEL PARAISO Y DEL ARUPO;CHOQUE LATERAL;CONDUCE BAJO LA INFLUENCIA DE ALCOHOL, SUSTANCIAS ESTUPEFACIENTES O PSICOTRÓPICAS Y/O MEDICAMENTOS.;AUTOMÓVIL;0;0;NO;2024;9;29;6;DOMINGO;22,333333333333332;22;NOCHE;-0,5000000000000004;0,8660254037844384;-0,7818314824680299;0,6234898018587334;0;3;27,27;BAJO
2024-09-30;07:10:00;CUENCA;CUENCA;URBANA;-2,900524;-79,002509;JUAN JARAMILLO Y HERMANO MIGUEL;CHOQUE LATERAL;DISPOSITIVO REGULADOR DE TRÁNSITO EN MAL ESTADO DE FUNCIONAMIENTO (SEMÁFORO).;VEHÍCULO DEPORTIVO UTILITARIO;0;0;NO;2024;9;30;0;LUNES;7,166666666666667;7;MANANA;0,9659258262890683;-0,25881904510252063;0,0;1,0;0;11;100,0;ALTO
2024-09-30;14:39:00;CUENCA;CUENCA;URBANA;-2,890575;-79,013007;ANTONIO VEGA MUÑOZ Y OCTAVIO CORDERO;COLISIÓN;NO MANTENER LA DISTANCIA PRUDENCIAL CON RESPECTO AL VEHÍCULO QUE LE ANTECEDE.;AUTOMÓVIL;0;0;NO;2024;9;30;0;LUNES;14,65;14;TARDE;-0,4999999999999997;-0,8660254037844388;0,0;1,0;0;8;72,73;ALTO
2024-09-30;14:55:00;CUENCA;CUENCA;URBANA;-2,885453;-78,987472;TURUHUAYCO Y CALLE VIEJA;CHOQUE LATERAL;DISPOSITIVO REGULADOR DE TRÁNSITO EN MAL ESTADO DE FUNCIONAMIENTO (SEMÁFORO).;CAMIONETA;1;0;NO;2024;9;30;0;LUNES;14,916666666666666;14;TARDE;-0,4999999999999997;-0,8660254037844388;0,0;1,0;1;8;72,73;ALTO
2024-09-30;18:41:00;CUENCA;CUENCA;URBANA;-2,883016;-79,008216;CAMINO A LAZARETO Y ABELARDO J ANDRADE;ESTRELLAMIENTOS;CONDUCIR DESATENTO A LAS CONDICIONES DE TRÁNSITO (CELULAR, PANTALLAS DE VIDEO, COMIDA, MAQUILLAJE O CUALQUIER OTRO ELEMENTO DISTRACTOR).;AUTOMÓVIL;2;0;NO;2024;9;30;0;LUNES;18,683333333333334;18;NOCHE;-1,0;-1,8369701987210297e-16;0,0;1,0;2;9;81,82;ALTO
2024-09-30;20:49:00;CUENCA;CUENCA;URBANA;-2,888989;-79,014316;AMERICAS Y ABRAHAM SARMIENTO;CHOQUE POSTERIOR;NO MANTENER LA DISTANCIA PRUDENCIAL CON RESPECTO AL VEHÍCULO QUE LE ANTECEDE.;CAMIÓN;1;0;NO;2024;9;30;0;LUNES;20,816666666666666;20;NOCHE;-0,8660254037844386;0,5000000000000001;0,0;1,0;1;9;81,82;ALTO
2024-01-10;17:35:00;CUENCA;CUENCA;URBANA;-2,897433;-79,023306;AVENIDA REMIGIO CRESPO TORAL Y CHARLES DARWIN;CHOQUE LATERAL;NO RESPETAR LAS SEÑALES REGLAMENTARIAS DE TRÁNSITO. (PARE, CEDA EL PASO, LUZ ROJA DEL SEMAFORO, ETC).;AUTOMÓVIL;0;0;NO;2024;1;10;2;MIERCOLES;17,583333333333332;17;TARDE;-0,9659258262890683;-0,25881904510252063;0,9749279121818236;-0,22252093395631434;0;4;36,36;BAJO
2024-01-10;18:43:00;CUENCA;CUENCA;URBANA;-2,92047;-79,002755;RED ESTATAL E35 KM704 AUTOPISTA CUENCA AZOGUES Y NO EXISTE;ATROPELLOS;NO CEDER EL DERECHO DE VÍA O PREFERENCIA DE PASO AL PEATÓN.;NO IDENTIFICADO;1;0;NO;2024;1;10;2;MIERCOLES;18,716666666666665;18;NOCHE;-1,0;-1,8369701987210297e-16;0,9749279121818236;-0,22252093395631434;1;5;45,45;MEDIO
2024-01-10;21:38:00;CUENCA;CUENCA;URBANA;-2,911046;-78,995261;DE LAS HERRERIAS Y AVENIDA 12 DE ABRIL;CHOQUE POSTERIOR;NO RESPETAR LAS SEÑALES REGLAMENTARIAS DE TRÁNSITO. (PARE, CEDA EL PASO, LUZ ROJA DEL SEMAFORO, ETC).;NO IDENTIFICADO;2;0;NO;2024;1;10;2;MIERCOLES;21,633333333333333;21;NOCHE;-0,7071067811865477;0,7071067811865474;0,9749279121818236;-0,22252093395631434;2;5;45,45;MEDIO
2024-02-10;07:29:00;CUENCA;CUENCA;URBANA;-2,878483;-78,943028;RED ESTATAL E35 KM696 Y VIA A PACCHA;CHOQUE POSTERIOR;NO MANTENER LA DISTANCIA PRUDENCIAL CON RESPECTO AL VEHÍCULO QUE LE ANTECEDE.;NO IDENTIFICADO;2;0;NO;2024;2;10;5;SABADO;7,483333333333333;7;MANANA;0,9659258262890683;-0,25881904510252063;-0,9749279121818236;-0,2225209339563146;2;6;54,55;MEDIO
2024-02-10;09:32:00;CUENCA;CUENCA;URBANA;-2,915515;-79,018226;AVENIDA DON BOSCO Y FERNANDO DE ARAGON;ATROPELLOS;NO CEDER EL DERECHO DE VÍA O PREFERENCIA DE PASO AL PEATÓN.;MOTOCICLETA;2;0;NO;2024;2;10;5;SABADO;9,533333333333333;9;MANANA;0,7071067811865476;-0,7071067811865475;-0,9749279121818236;-0,2225209339563146;2;6;54,55;MEDIO
2024-02-10;14:59:00;CUENCA;CUENCA;URBANA;-2,910061;-79,029422;AV. ISABEL LA CATÓLICA Y CIEZA DE LEON;CHOQUE LATERAL;NO RESPETAR LAS SEÑALES REGLAMENTARIAS DE TRÁNSITO. (PARE, CEDA EL PASO, LUZ ROJA DEL SEMAFORO, ETC).;AUTOMÓVIL;0;0;NO;2024;2;10;5;SABADO;14,983333333333333;14;TARDE;-0,4999999999999997;-0,8660254037844388;-0,9749279121818236;-0,2225209339563146;0;4;36,36;BAJO
2024-02-10;18:30:00;CUENCA;CUENCA;URBANA;-2,88832;-79,004654;AVENIDA HEROES DE VERDELOMA Y PADRE AGUIRRE;CHOQUE LATERAL;NO RESPETAR LAS SEÑALES REGLAMENTARIAS DE TRÁNSITO. (PARE, CEDA EL PASO, LUZ ROJA DEL SEMAFORO, ETC).;AUTOMÓVIL;2;0;NO;2024;2;10;5;SABADO;18,5;18;NOCHE;-1,0;-1,8369701987210297e-16;-0,9749279121818236;-0,2225209339563146;2;9;81,82;ALTO
2024-02-10;18:59:00;CUENCA;CUENCA;URBANA;-2,888829;-79,020464;AVENIDA DE LAS AMERICAS Y ISAAC ULLOA;COLISIÓN;CONDUCE BAJO LA INFLUENCIA DE ALCOHOL, SUSTANCIAS ESTUPEFACIENTES O PSICOTRÓPICAS Y/O MEDICAMENTOS.;CAMIÓN;0;0;NO;2024;2;10;5;SABADO;18,983333333333334;18;NOCHE;-1,0;-1,8369701987210297e-16;-0,9749279121818236;-0,2225209339563146;0;9;81,82;ALTO
2024-03-10;12:59:00;CUENCA;BAÑOS (CUENCA);URBANA;-2,951355;-79,06502;CAMINO A NERO Y NO EXISTE;CAÍDA DE PASAJERO;NO RESPETAR LAS SEÑALES REGLAMENTARIAS DE TRÁNSITO. (PARE, CEDA EL PASO, LUZ ROJA DEL SEMAFORO, ETC).;NO IDENTIFICADO;1;0;NO;2024;3;10;6;DOMINGO;12,983333333333333;12;TARDE;1,2246467991473532e-16;-1,0;-0,7818314824680299;0,6234898018587334;1;1;9,09;BAJO
2024-03-10;13:18:00;CUENCA;CUENCA;URBANA;-2,887023;-78,967919;AV. DE LAS AMÉRICAS Y SAN PABLO DE LAGO;COLISIÓN;NO MANTENER LA DISTANCIA PRUDENCIAL CON RESPECTO AL VEHÍCULO QUE LE ANTECEDE.;VEHÍCULO DEPORTIVO UTILITARIO;0;0;NO;2024;3;10;6;DOMINGO;13,3;13;TARDE;-0,2588190451025208;-0,9659258262890683;-0,7818314824680299;0,6234898018587334;0;4;36,36;BAJO
2024-03-10;15:44:00;CUENCA;CUENCA;URBANA;-2,897835;-79,013876;CALLE DEL BATAN Y GUAYAS;ESTRELLAMIENTOS;CONDUCE BAJO LA INFLUENCIA DE ALCOHOL, SUSTANCIAS ESTUPEFACIENTES O PSICOTRÓPICAS Y/O MEDICAMENTOS.;CAMIONETA;0;0;NO;2024;3;10;6;DOMINGO;15,733333333333333;15;TARDE;-0,7071067811865471;-0,7071067811865479;-0,7818314824680299;0,6234898018587334;0;4;36,36;BAJO
2024-04-10;15:32:00;CUENCA;CUENCA;URBANA;-2,916875;-79,009209;AV. DE 24 DE MAYO Y CAMINO VIEJO A TURI;ATROPELLOS;CONDICIONES AMBIENTALES Y/O ATMOSFÉRICAS (NIEBLA, NEBLINA, GRANIZO, LLUVIA).;SCOOTER ELÉCTRICO;1;0;NO;2024;4;10;2;MIERCOLES;15,533333333333333;15;TARDE;-0,7071067811865471;-0,7071067811865479;0,9749279121818236;-0,22252093395631434;1;6;54,55;MEDIO
2024-04-10;16:35:00;CUENCA;CUENCA;URBANA;-2,904189;-79,014187;AV. RICARDO MUÑOZ DAVILA Y PADRE JULIO MATOVELLE;CHOQUE LATERAL;NO RESPETAR LAS SEÑALES REGLAMENTARIAS DE TRÁNSITO. (PARE, CEDA EL PASO, LUZ ROJA DEL SEMAFORO, ETC).;NO IDENTIFICADO;2;0;NO;2024;4;10;2;MIERCOLES;16,583333333333332;16;TARDE;-0,8660254037844385;-0,5000000000000004;0,9749279121818236;-0,22252093395631434;2;6;54,55;MEDIO
2024-04-10;16:36:00;CUENCA;CUENCA;URBANA;-2,882517;-78,987333;AV. DE LAS AMERICAS Y HUACAS;CHOQUE POSTERIOR;NO MANTENER LA DISTANCIA PRUDENCIAL CON RESPECTO AL VEHÍCULO QUE LE ANTECEDE.;AUTOMÓVIL;0;0;NO;2024;4;10;2;MIERCOLES;16,6;16;TARDE;-0,8660254037844385;-0,5000000000000004;0,9749279121818236;-0,22252093395631434;0;6;54,55;MEDIO
2024-04-10;19:02:00;CUENCA;CUENCA;URBANA;-2,924912;-79,03823;RED ESTATAL E35 KM 708 AUTOPISTA CUENCA AZOGUES Y DE LA OPERA;CHOQUE LATERAL;NO RESPETAR LAS SEÑALES REGLAMENTARIAS DE TRÁNSITO. (PARE, CEDA EL PASO, LUZ ROJA DEL SEMAFORO, ETC).;NO IDENTIFICADO;1;0;NO;2024;4;10;2;MIERCOLES;19,033333333333335;19;NOCHE;-0,9659258262890684;0,2588190451025203;0,9749279121818236;-0,22252093395631434;1;2;18,18;BAJO
2024-04-10;23:21:00;CUENCA;CUENCA;URBANA;-2,933328;-79,044404;RED ESTATAL E35 KM1 Y CALLE DE LA SERENATA;CHOQUE FRONTAL;CONDUCE BAJO LA INFLUENCIA DE ALCOHOL, SUSTANCIAS ESTUPEFACIENTES O PSICOTRÓPICAS Y/O MEDICAMENTOS.;VEHÍCULO DEPORTIVO UTILITARIO;0;0;NO;2024;4;10;2;MIERCOLES;23,35;23;NOCHE;-0,25881904510252157;0,9659258262890681;0,9749279121818236;-0,22252093395631434;0;2;18,18;BAJO
2024-05-10;07:46:00;CUENCA;CUENCA;URBANA;-2,900455;-78,996779;AV. HUAYNA CAPAC Y MARISCAL SUCRE;CAÍDA DE PASAJERO;NO RESPETAR LAS SEÑALES REGLAMENTARIAS DE TRÁNSITO. (PARE, CEDA EL PASO, LUZ ROJA DEL SEMAFORO, ETC).;BUS;1;0;NO;2024;5;10;4;VIERNES;7,766666666666667;7;MANANA;0,9659258262890683;-0,25881904510252063;-0,433883739117558;-0,9009688679024191;1;5;45,45;MEDIO
2024-05-10;14:57:00;CUENCA;CUENCA;URBANA;-2,883392;-79,055546;AVENIDA ORDOÑEZ LASSO Y SAN MIGUEL DE PUTUSHI;ESTRELLAMIENTOS;CONDUCIR DESATENTO A LAS CONDICIONES DE TRÁNSITO (CELULAR, PANTALLAS DE VIDEO, COMIDA, MAQUILLAJE O CUALQUIER OTRO ELEMENTO DISTRACTOR).;AUTOMÓVIL;0;0;NO;2024;5;10;4;VIERNES;14,95;14;TARDE;-0,4999999999999997;-0,8660254037844388;-0,433883739117558;-0,9009688679024191;0;7;63,64;MEDIO
2024-05-10;18:55:00;CUENCA;CUENCA;URBANA;-2,906255;-79,00025;AV. 12 DE ABRIL Y PAUCARBAMBA;CHOQUE LATERAL;NO TRANSITAR POR LAS ACERAS O ZONAS DE SEGURIDAD DESTINADAS PARA EL EFECTO.;AUTOMÓVIL;1;0;NO;2024;5;10;4;VIERNES;18,916666666666668;18;NOCHE;-1,0;-1,8369701987210297e-16;-0,433883739117558;-0,9009688679024191;1;5;45,45;MEDIO
2024-05-10;23:20:00;CUENCA;CUENCA;URBANA;-2,902896;-79,037747;AV. ENRIQUE ARIZAGA TORAL Y ISAURO RODRIGUEZ;PÉRDIDA DE PISTA;NO RESPETAR LAS SEÑALES REGLAMENTARIAS DE TRÁNSITO. (PARE, CEDA EL PASO, LUZ ROJA DEL SEMAFORO, ETC).;NO IDENTIFICADO;1;0;NO;2024;5;10;4;VIERNES;23,333333333333332;23;NOCHE;-0,25881904510252157;0,9659258262890681;-0,433883739117558;-0,9009688679024191;1;5;45,45;MEDIO
2024-05-10;23:57:00;CUENCA;SININCAY;URBANA;-2,851239;-79,012765;MANUEL ANTONIO MUÑOZ BORRERO Y ISAAC A. CHICO;CHOQUE FRONTAL;NO RESPETAR LAS SEÑALES REGLAMENTARIAS DE TRÁNSITO. (PARE, CEDA EL PASO, LUZ ROJA DEL SEMAFORO, ETC).;AUTOMÓVIL;0;0;NO;2024;5;10;4;VIERNES;23,95;23;NOCHE;-0,25881904510252157;0,9659258262890681;-0,433883739117558;-0,9009688679024191;0;1;9,09;BAJO
2024-07-10;07:39:00;CUENCA;CUENCA;URBANA;-2,9088;-79,00237;MIGUEL CORDERO DAVILA Y CORNELIO MERCHAN;CHOQUE LATERAL;PEATÓN QUE CRUZA LA CALZADA SIN RESPETAR LA SEÑALIZACIÓN EXISTENTE (SEMÁFOROS O SEÑALES MANUALES).;AUTOMÓVIL;3;0;NO;2024;7;10;2;MIERCOLES;7,65;7;MANANA;0,9659258262890683;-0,25881904510252063;0,9749279121818236;-0,22252093395631434;3;8;72,73;ALTO
2024-07-10;07:55:00;CUENCA;CUENCA;URBANA;-2,924934;-79,038283;RED ESTATAL E35 KM 708 Y DE LA OPERA;ROZAMIENTOS;REALIZAR CAMBIO BRUSCO O INDEBIDO DE CARRIL.;VEHÍCULO DEPORTIVO UTILITARIO;2;0;NO;2024;7;10;2;MIERCOLES;7,916666666666667;7;MANANA;0,9659258262890683;-0,25881904510252063;0,9749279121818236;-0,22252093395631434;2;8;72,73;ALTO
2024-07-10;07:56:00;CUENCA;CUENCA;URBANA;-2,889729;-78,964961;AV. GONZALEZ SUÁREZ Y AV. DE LAS AMERICAS;COLISIÓN;NO MANTENER LA DISTANCIA PRUDENCIAL CON RESPECTO AL VEHÍCULO QUE LE ANTECEDE.;CAMIÓN;3;0;NO;2024;7;10;2;MIERCOLES;7,933333333333334;7;MANANA;0,9659258262890683;-0,25881904510252063;0,9749279121818236;-0,22252093395631434;3;8;72,73;ALTO
2024-07-10;08:15:00;CUENCA;OCTAVIO CORDERO PALACIOS;URBANA;-2,780806;-78,976571;CALLE SIN NOMBRE Y CALLE SIN NOMBRE;CHOQUE LATERAL;NO CEDER EL DERECHO DE VÍA O PREFERENCIA DE PASO A VEHÍCULOS.;MOTOCICLETA;1;0;NO;2024;7;10;2;MIERCOLES;8,25;8;MANANA;0,8660254037844387;-0,4999999999999998;0,9749279121818236;-0,22252093395631434;1;1;9,09;BAJO