FECHA;HORA;CANTON;PARROQUIA;ZONA;LATITUD_Y;LONGITUD_X;DIRECCION;TIPO_DE_SINIESTRO;CAUSA_PROBABLE;TIPO_DE_VEHICULO_1;LESIONADOS;FALLECIDOS;FERIADO;ANIO;MES;DIA;DIA_SEMANA;NOMBRE_DIA;HORA_DECIMAL;HORA_NUM;RANGO_HORARIO;HORA_SIN;HORA_COS;DIA_SIN;DIA_COS;TOTAL_VICTIMAS;NUM_ACCIDENTES;RIESGO_PORCENTAJE;NIVEL_RIESGO
2024-07-10;08:30:00;CUENCA;CUENCA;URBANA;-2,916259;-79,028224;AVENIDA DE LOS CONQUISTADORES Y FRANCISCO DE ORELLANA;CHOQUE LATERAL;CONDUCE BAJO LA INFLUENCIA DE ALCOHOL, SUSTANCIAS ESTUPEFACIENTES O PSICOTRÓPICAS Y/O MEDICAMENTOS.;CAMIONETA;0;0;NO;2024;7;10;2;MIERCOLES;8,5;8;MANANA;0,8660254037844387;-0,4999999999999998;0,9749279121818236;-0,22252093395631434;0;8;72,73;ALTO
2024-07-10;13:15:00;CUENCA;CUENCA;URBANA;-2,908466;-79,0169;AVENIDA 10 DE AGOSTO Y RICARDO MUÑOZ DAVILA;CHOQUE POSTERIOR;CONDUCIR EN ESTADO DE SOMNOLENCIA O MALAS CONDICIONES FÍSICAS (SUEÑO, CANSANCIO Y FATIGA).;AUTOMÓVIL;0;0;NO;2024;7;10;2;MIERCOLES;13,25;13;TARDE;-0,2588190451025208;-0,9659258262890683;0,9749279121818236;-0,22252093395631434;0;5;45,45;MEDIO
2024-07-10;21:16:00;CUENCA;CUENCA;URBANA;-2,891774;-79,008003;ANTONIO VEGA MUÑOZ Y JUAN MONTALVO;CHOQUE LATERAL;CONDUCIR EN ESTADO DE SOMNOLENCIA O MALAS CONDICIONES FÍSICAS (SUEÑO, CANSANCIO Y FATIGA).;AUTOMÓVIL;0;0;NO;2024;7;10;2;MIERCOLES;21,266666666666666;21;NOCHE;-0,7071067811865477;0,7071067811865474;0,9749279121818236;-0,22252093395631434;0;5;45,45;MEDIO
2024-08-10;07:00:00;CUENCA;CUENCA;URBANA;-2,908426;-79,016847;AVENIDA 10 DE AGOSTO Y AVENIDA RICARDO MUÑOZ DAVILA;CHOQUE LATERAL;CONDUCIR DESATENTO A LAS CONDICIONES DE TRÁNSITO (CELULAR, PANTALLAS DE VIDEO, COMIDA, MAQUILLAJE O CUALQUIER OTRO ELEMENTO DISTRACTOR).;AUTOMÓVIL;0;0;NO;2024;8;10;5;SABADO;7,0;7;MANANA;0,9659258262890683;-0,25881904510252063;-0,9749279121818236;-0,2225209339563146;0;5;45,45;MEDIO
2024-08-10;19:00:00;CUENCA;CUENCA;URBANA;-2,876944;-78,941563;RED ESTATAL E35 KM 695 Y UCUBAMBA;ESTRELLAMIENTOS;NO RESPETAR LAS SEÑALES REGLAMENTARIAS DE TRÁNSITO. (PARE, CEDA EL PASO, LUZ ROJA DEL SEMAFORO, ETC).;AUTOMÓVIL;1;0;NO;2024;8;10;5;SABADO;19,0;19;NOCHE;-0,9659258262890684;0,2588190451025203;-0,9749279121818236;-0,2225209339563146;1;2;18,18;BAJO
2024-09-10;13:38:00;CUENCA;CUENCA;URBANA;-2,905882;-79,007338;AV. SOLANO Y REMIGIO TAMARIZ CRESPO;ROZAMIENTOS;NO GUARDAR LA DISTANCIA LATERAL MÍNIMA DE SEGURIDAD ENTRE VEHÍCULOS.;CAMIÓN;1;0;NO;2024;9;10;1;MARTES;13,633333333333333;13;TARDE;-0,2588190451025208;-0,9659258262890683;0,7818314824680298;0,6234898018587336;1;6;54,55;MEDIO
2024-09-10;15:13:00;CUENCA;BAÑOS (CUENCA);URBANA;-2,919222;-79,060952;AV. RICARDO DURAN Y DE LA CABALLERIA;ATROPELLOS;NO RESPETAR LAS SEÑALES REGLAMENTARIAS DE TRÁNSITO. (PARE, CEDA EL PASO, LUZ ROJA DEL SEMAFORO, ETC).;AUTOMÓVIL;1;0;NO;2024;9;10;1;MARTES;15,216666666666667;15;TARDE;-0,7071067811865471;-0,7071067811865479;0,7818314824680298;0,6234898018587336;1;1;9,09;BAJO
2024-09-10;15:40:00;CUENCA;CUENCA;URBANA;-2,886298;-79,008747;AV. DE LAS AMÉRICAS Y AV. DEL CHOFER;CHOQUE LATERAL;NO RESPETAR LAS SEÑALES REGLAMENTARIAS DE TRÁNSITO. (PARE, CEDA EL PASO, LUZ ROJA DEL SEMAFORO, ETC).;MOTOCICLETA;2;0;NO;2024;9;10;1;MARTES;15,666666666666666;15;TARDE;-0,7071067811865471;-0,7071067811865479;0,7818314824680298;0,6234898018587336;2;6;54,55;MEDIO
2024-09-10;20:41:00;CUENCA;CUENCA;URBANA;-2,919323;-79,024176;DIEGO DE TAPIA Y AVENIDA 12 DE OCTUBRE;CHOQUE LATERAL;NO RESPETAR LAS SEÑALES REGLAMENTARIAS DE TRÁNSITO. (PARE, CEDA EL PASO, LUZ ROJA DEL SEMAFORO, ETC).;AUTOMÓVIL;1;0;NO;2024;9;10;1;MARTES;20,683333333333334;20;NOCHE;-0,8660254037844386;0,5000000000000001;0,7818314824680298;0,6234898018587336;1;6;54,55;MEDIO
2024-11-10;12:53:00;CUENCA;CUENCA;URBANA;-2,905244;-79,006881;AVENIDA FRAY VICENTE SOLANO Y AVENIDA FLORENCIA ASTUDILLO;CHOQUE LATERAL;NO RESPETAR LAS SEÑALES REGLAMENTARIAS DE TRÁNSITO. (PARE, CEDA EL PASO, LUZ ROJA DEL SEMAFORO, ETC).;AUTOMÓVIL;0;0;SI;2024;11;10;6;DOMINGO;12,883333333333333;12;TARDE;1,2246467991473532e-16;-1,0;-0,7818314824680299;0,6234898018587334;0;2;18,18;BAJO
2024-11-10;19:26:00;CUENCA;CUENCA;URBANA;-2,877252;-78,941939;RED ESTATAL  E35 KM696 AZOGUES-CUENCA Y ENTRADA A UCUBAMBA;ESTRELLAMIENTOS;NO RESPETAR LAS SEÑALES REGLAMENTARIAS DE TRÁNSITO. (PARE, CEDA EL PASO, LUZ ROJA DEL SEMAFORO, ETC).;AUTOMÓVIL;0;0;SI;2024;11;10;6;DOMINGO;19,433333333333334;19;NOCHE;-0,9659258262890684;0,2588190451025203;-0,7818314824680299;0,6234898018587334;0;1;9,09;BAJO
2024-12-10;16:45:00;CUENCA;CUENCA;URBANA;-2,891009;-79,011054;ANTONIO VEGA MUÑOZ Y MIGUEL VÉLEZ;CHOQUE LATERAL;NO RESPETAR LAS SEÑALES REGLAMENTARIAS DE TRÁNSITO. (PARE, CEDA EL PASO, LUZ ROJA DEL SEMAFORO, ETC).;AUTOMÓVIL;0;0;SI;2024;12;10;1;MARTES;16,75;16;TARDE;-0,8660254037844385;-0,5000000000000004;0,7818314824680298;0,6234898018587336;0;1;9,09;BAJO
2024-10-13;12:04:00;CUENCA;VALLE;URBANA;-2,937212;-78,979994;CAMINO A SAN MIGUEL Y VIA A CUATRO ESQUINAS;ESTRELLAMIENTOS;CONDUCE BAJO LA INFLUENCIA DE ALCOHOL, SUSTANCIAS ESTUPEFACIENTES O PSICOTRÓPICAS Y/O MEDICAMENTOS.;CAMIONETA;0;0;SI;2024;10;13;6;DOMINGO;12,066666666666666;12;TARDE;1,2246467991473532e-16;-1,0;-0,7818314824680299;0,6234898018587334;0;1;9,09;BAJO
2024-10-14;06:55:00;CUENCA;CUENCA;URBANA;-2,913206;-79,02172;AVENIDA 12 DE OCTUBRE Y CRISTOBAL COLON;ATROPELLOS;NO RESPETAR LAS SEÑALES REGLAMENTARIAS DE TRÁNSITO. (PARE, CEDA EL PASO, LUZ ROJA DEL SEMAFORO, ETC).;MOTOCICLETA;1;0;NO;2024;10;14;0;LUNES;6,916666666666667;6;MANANA;1,0;6,123233995736766e-17;0,0;1,0;1;4;36,36;BAJO
2024-10-14;07:56:00;CUENCA;RICAURTE (CUENCA);URBANA;-2,863611;-78,95869;VIA AL QUINCHE Y ALEJANDRO PADILLA;CHOQUE LATERAL;NO RESPETAR LAS SEÑALES REGLAMENTARIAS DE TRÁNSITO. (PARE, CEDA EL PASO, LUZ ROJA DEL SEMAFORO, ETC).;CAMIONETA;1;0;NO;2024;10;14;0;LUNES;7,933333333333334;7;MANANA;0,9659258262890683;-0,25881904510252063;0,0;1,0;1;1;9,09;BAJO
2024-10-14;19:18:00;CUENCA;CUENCA;URBANA;-2,905802;-78,996393;AVENIDA HUAYNA CAPAC Y CACIQUE DUMA;CHOQUE LATERAL;CONDUCIR DESATENTO A LAS CONDICIONES DE TRÁNSITO (CELULAR, PANTALLAS DE VIDEO, COMIDA, MAQUILLAJE O CUALQUIER OTRO ELEMENTO DISTRACTOR).;AUTOMÓVIL;2;0;NO;2024;10;14;0;LUNES;19,3;19;NOCHE;-0,9659258262890684;0,2588190451025203;0,0;1,0;2;2;18,18;BAJO
2024-10-15;13:53:00;CUENCA;CUENCA;URBANA;-2,908582;-79,016976;AV. 10 DE AGOSTO Y AV.  RICARDO MUÑOZ DAVILA;CHOQUE LATERAL;DISPOSITIVO REGULADOR DE TRÁNSITO EN MAL ESTADO DE FUNCIONAMIENTO (SEMÁFORO).;AUTOMÓVIL;0;0;NO;2024;10;15;1;MARTES;13,883333333333333;13;TARDE;-0,2588190451025208;-0,9659258262890683;0,7818314824680298;0,6234898018587336;0;2;18,18;BAJO
2024-10-15;20:54:00;CUENCA;CUENCA;URBANA;-2,910998;-78,993115;AV DEL PARAISO Y PASAJE DEL PARAISO;ARROLLAMIENTOS;CONDUCIR DESATENTO A LAS CONDICIONES DE TRÁNSITO (CELULAR, PANTALLAS DE VIDEO, COMIDA, MAQUILLAJE O CUALQUIER OTRO ELEMENTO DISTRACTOR).;NO IDENTIFICADO;1;0;NO;2024;10;15;1;MARTES;20,9;20;NOCHE;-0,8660254037844386;0,5000000000000001;0,7818314824680298;0,6234898018587336;1;4;36,36;BAJO
2024-10-16;17:35:00;CUENCA;CUENCA;URBANA;-2,887682;-79,035784;AV DE LOS CEREZOS Y DEL BOG;ATROPELLOS;ADELANTAR O REBASAR A OTRO VEHÍCULO EN MOVIMIENTO EN ZONAS O SITIOS PELIGROSOS TALES COMO: CURVAS, PUENTES, TÚNELES, PENDIENTES, ETC.;NO IDENTIFICADO;1;0;NO;2024;10;16;2;MIERCOLES;17,583333333333332;17;TARDE;-0,9659258262890683;-0,25881904510252063;0,9749279121818236;-0,22252093395631434;1;5;45,45;MEDIO
2024-10-17;13:40:00;CUENCA;CUENCA;URBANA;-2,899076;-78,990563;AVENIDA GONZALEZ SUAREZ Y AVENIDA GUAPONDELIG;CHOQUE LATERAL;DISPOSITIVO REGULADOR DE TRÁNSITO EN MAL ESTADO DE FUNCIONAMIENTO (SEMÁFORO).;MOTOCICLETA;2;0;NO;2024;10;17;3;JUEVES;13,666666666666666;13;TARDE;-0,2588190451025208;-0,9659258262890683;0,43388373911755823;-0,900968867902419;2;6;54,55;MEDIO
2024-10-18;14:44:00;CUENCA;CUENCA;URBANA;-2,89792;-79,031546;MARIANO ESTRELLA Y MANUEL BALAREZO COBOS;PÉRDIDA DE CARRIL;CONDUCIR EN ESTADO DE SOMNOLENCIA O MALAS CONDICIONES FÍSICAS (SUEÑO, CANSANCIO Y FATIGA).;AUTOMÓVIL;0;0;NO;2024;10;18;4;VIERNES;14,733333333333333;14;TARDE;-0,4999999999999997;-0,8660254037844388;-0,433883739117558;-0,9009688679024191;0;4;36,36;BAJO
2024-10-18;18:57:00;CUENCA;CUENCA;URBANA;-2,918944;-79,053352;AVENIDA RICARDO DURAN Y CALLE SIN NOMBRE;CHOQUE LATERAL;NO RESPETAR LAS SEÑALES REGLAMENTARIAS DE TRÁNSITO. (PARE, CEDA EL PASO, LUZ ROJA DEL SEMAFORO, ETC).;NO IDENTIFICADO;1;0;NO;2024;10;18;4;VIERNES;18,95;18;NOCHE;-1,0;-1,8369701987210297e-16;-0,433883739117558;-0,9009688679024191;1;2;18,18;BAJO
2024-10-19;02:32:00;CUENCA;VALLE;URBANA;-2,936435;-78,96639;VIA AL VALLE Y VÍA A EL  DESPACHO;ATROPELLOS;CONDUCE BAJO LA INFLUENCIA DE ALCOHOL, SUSTANCIAS ESTUPEFACIENTES O PSICOTRÓPICAS Y/O MEDICAMENTOS.;AUTOMÓVIL;1;0;NO;2024;10;19;5;SABADO;2,533333333333333;2;MADRUGADA;0,49999999999999994;0,8660254037844387;-0,9749279121818236;-0,2225209339563146;1;1;9,09;BAJO
2024-10-19;16:26:00;CUENCA;RICAURTE (CUENCA);URBANA;-2,871695;-78,966007;ANTONIO RICAURTE Y SIN NOMBRE;ESTRELLAMIENTOS;NO RESPETAR LAS SEÑALES REGLAMENTARIAS DE TRÁNSITO. (PARE, CEDA EL PASO, LUZ ROJA DEL SEMAFORO, ETC).;AUTOMÓVIL;0;0;NO;2024;10;19;5;SABADO;16,433333333333334;16;TARDE;-0,8660254037844385;-0,5000000000000004;-0,9749279121818236;-0,2225209339563146;0;1;9,09;BAJO
2024-10-19;19:25:00;CUENCA;CUENCA;URBANA;-2,854;-78,98592;VÍA A CHECA-CHIQUINTAD Y VÍA A BELLAVISTA;PÉRDIDA DE PISTA;NO RESPETAR LAS SEÑALES REGLAMENTARIAS DE TRÁNSITO. (PARE, CEDA EL PASO, LUZ ROJA DEL SEMAFORO, ETC).;MOTOCICLETA;0;1;NO;2024;10;19;5;SABADO;19,416666666666668;19;NOCHE;-0,9659258262890684;0,2588190451025203;-0,9749279121818236;-0,2225209339563146;1;6;54,55;MEDIO
2024-10-19;23:10:00;CUENCA;CUENCA;URBANA;-2,914677;-79,027517;AV. DON BOSCO Y FRANCISCO DE ORELLANA;CHOQUE LATERAL;NO RESPETAR LAS SEÑALES REGLAMENTARIAS DE TRÁNSITO. (PARE, CEDA EL PASO, LUZ ROJA DEL SEMAFORO, ETC).;CAMIONETA;1;0;NO;2024;10;19;5;SABADO;23,166666666666668;23;NOCHE;-0,25881904510252157;0,9659258262890681;-0,9749279121818236;-0,2225209339563146;1;6;54,55;MEDIO
2024-10-20;03:01:00;CUENCA;CUENCA;URBANA;-2,907602;-78,984815;PUMAPUNGO Y RAÚL ANDRADE;PÉRDIDA DE PISTA;NO RESPETAR LAS SEÑALES REGLAMENTARIAS DE TRÁNSITO. (PARE, CEDA EL PASO, LUZ ROJA DEL SEMAFORO, ETC).;VEHÍCULO DEPORTIVO UTILITARIO;2;0;NO;2024;10;20;6;DOMINGO;3,0166666666666666;3;MADRUGADA;0,7071067811865476;0,7071067811865476;-0,7818314824680299;0,6234898018587334;2;3;27,27;BAJO
2024-10-20;03:08:00;CUENCA;LLACAO;URBANA;-2,838611;-78,939686;VÍA A LLACAO Y NINGUNA;ATROPELLOS;NO CEDER EL DERECHO DE VÍA O PREFERENCIA DE PASO AL PEATÓN.;MOTOCICLETA;1;0;NO;2024;10;20;6;DOMINGO;3,1333333333333333;3;MADRUGADA;0,7071067811865476;0,7071067811865476;-0,7818314824680299;0,6234898018587334;1;1;9,09;BAJO
2024-10-20;08:03:00;CUENCA;CUENCA;URBANA;-2,891034;-79,006895;TARQUI Y PIO BRAVO;CHOQUE LATERAL;NO RESPETAR LAS SEÑALES REGLAMENTARIAS DE TRÁNSITO. (PARE, CEDA EL PASO, LUZ ROJA DEL SEMAFORO, ETC).;VEHÍCULO DEPORTIVO UTILITARIO;1;0;NO;2024;10;20;6;DOMINGO;8,05;8;MANANA;0,8660254037844387;-0,4999999999999998;-0,7818314824680299;0,6234898018587334;1;2;18,18;BAJO
2024-10-20;08:20:00;CUENCA;CUENCA;URBANA;-2,889563;-79,011011;RAFAEL MARIA ARIZAGA Y MIGUEL VELEZ;CHOQUE LATERAL;CONDUCIR DESATENTO A LAS CONDICIONES DE TRÁNSITO (CELULAR, PANTALLAS DE VIDEO, COMIDA, MAQUILLAJE O CUALQUIER OTRO ELEMENTO DISTRACTOR).;NO IDENTIFICADO;2;0;NO;2024;10;20;6;DOMINGO;8,333333333333334;8;MANANA;0,8660254037844387;-0,4999999999999998;-0,7818314824680299;0,6234898018587334;2;2;18,18;BAJO
2024-10-20;15:34:00;CUENCA;CUENCA;URBANA;-2,893484;-79,001237;HERMANO MIGUEL Y ANTONIO VEGA MUÑOZ;CHOQUE LATERAL;NO RESPETAR LAS SEÑALES REGLAMENTARIAS DE TRÁNSITO. (PARE, CEDA EL PASO, LUZ ROJA DEL SEMAFORO, ETC).;AUTOMÓVIL;7;0;NO;2024;10;20;6;DOMINGO;15,566666666666666;15;TARDE;-0,7071067811865471;-0,7071067811865479;-0,7818314824680299;0,6234898018587334;7;4;36,36;BAJO
2024-10-20;22:11:00;CUENCA;LLACAO;URBANA;-2,841209;-78,88763;PANAMERICANA NORTE Y VIA A JADAN;ESTRELLAMIENTOS;NO RESPETAR LAS SEÑALES REGLAMENTARIAS DE TRÁNSITO. (PARE, CEDA EL PASO, LUZ ROJA DEL SEMAFORO, ETC).;MOTOCICLETA;1;0;NO;2024;10;20;6;DOMINGO;22,183333333333334;22;NOCHE;-0,5000000000000004;0,8660254037844384;-0,7818314824680299;0,6234898018587334;1;1;9,09;BAJO
2024-10-21;07:58:00;CUENCA;CUENCA;URBANA;-2,897576;-79,022517;AVENIDA  REMIGIO CRESPO TORAL Y IMBABURA;ATROPELLOS;NO CEDER EL DERECHO DE VÍA O PREFERENCIA DE PASO AL PEATÓN.;VEHÍCULO DEPORTIVO UTILITARIO;1;0;NO;2024;10;21;0;LUNES;7,966666666666667;7;MANANA;0,9659258262890683;-0,25881904510252063;0,0;1,0;1;4;36,36;BAJO
2024-10-21;18:51:00;CUENCA;OCTAVIO CORDERO PALACIOS;URBANA;-2,796272;-78,949085;VIA A DELEG Y NINGUNA;ESTRELLAMIENTOS;NO RESPETAR LAS SEÑALES REGLAMENTARIAS DE TRÁNSITO. (PARE, CEDA EL PASO, LUZ ROJA DEL SEMAFORO, ETC).;NO IDENTIFICADO;1;0;NO;2024;10;21;0;LUNES;18,85;18;NOCHE;-1,0;-1,8369701987210297e-16;0,0;1,0;1;1;9,09;BAJO
2024-10-21;19:03:00;CUENCA;RICAURTE (CUENCA);URBANA;-2,86371;-78,962528;ALEJANDRO PADILLA Y FEDERICO SANCHEZ;CHOQUE LATERAL;NO RESPETAR LAS SEÑALES REGLAMENTARIAS DE TRÁNSITO. (PARE, CEDA EL PASO, LUZ ROJA DEL SEMAFORO, ETC).;MOTOCICLETA;1;0;NO;2024;10;21;0;LUNES;19,05;19;NOCHE;-0,9659258262890684;0,2588190451025203;0,0;1,0;1;1;9,09;BAJO
2024-10-22;05:46:00;CUENCA;CUENCA;URBANA;-2,881848;-79,025098;AV ABELARDO J ANDRADE Y C.EMILIO LOPEZ ORTEGA;CHOQUE LATERAL;CONDUCIR DESATENTO A LAS CONDICIONES DE TRÁNSITO (CELULAR, PANTALLAS DE VIDEO, COMIDA, MAQUILLAJE O CUALQUIER OTRO ELEMENTO DISTRACTOR).;NO IDENTIFICADO;1;0;NO;2024;10;22;1;MARTES;5,766666666666667;5;MADRUGADA;0,9659258262890683;0,25881904510252074;0,7818314824680298;0,6234898018587336;1;2;18,18;BAJO
2024-10-22;09:52:00;CUENCA;CUENCA;URBANA;-2,887784;-79,007657;AV.HÉROES DE VERDELOMA Y NICANOR MERCHAN;ATROPELLOS;NO CEDER EL DERECHO DE VÍA O PREFERENCIA DE PASO A VEHÍCULOS.;NO IDENTIFICADO;0;1;NO;2024;10;22;1;MARTES;9,866666666666667;9;MANANA;0,7071067811865476;-0,7071067811865475;0,7818314824680298;0,6234898018587336;1;2;18,18;BAJO
2024-10-22;20:06:00;CUENCA;CUENCA;URBANA;-2,902833;-79,020034;AVENIDA PICHINCHA Y AVENIDA LOJA;CHOQUE LATERAL;NO RESPETAR LAS SEÑALES REGLAMENTARIAS DE TRÁNSITO. (PARE, CEDA EL PASO, LUZ ROJA DEL SEMAFORO, ETC).;AUTOMÓVIL;0;0;NO;2024;10;22;1;MARTES;20,1;20;NOCHE;-0,8660254037844386;0,5000000000000001;0,7818314824680298;0,6234898018587336;0;4;36,36;BAJO
2024-10-22;21:37:00;CUENCA;CUENCA;URBANA;-2,893512;-78,993797;AVENIDA ESPAÑA Y SEBASTIAN DE BENALCAZAR;CHOQUE LATERAL;NO RESPETAR LAS SEÑALES REGLAMENTARIAS DE TRÁNSITO. (PARE, CEDA EL PASO, LUZ ROJA DEL SEMAFORO, ETC).;FURGONETA;3;0;NO;2024;10;22;1;MARTES;21,616666666666667;21;NOCHE;-0,7071067811865477;0,7071067811865474;0,7818314824680298;0,6234898018587336;3;4;36,36;BAJO
2024-10-23;15:08:00;CUENCA;CUENCA;URBANA;-2,917004;-79,031112;RODRIGO DE TRIANA Y LA PINTA;CHOQUE LATERAL;NO RESPETAR LAS SEÑALES REGLAMENTARIAS DE TRÁNSITO. (PARE, CEDA EL PASO, LUZ ROJA DEL SEMAFORO, ETC).;AUTOMÓVIL;3;0;NO;2024;10;23;2;MIERCOLES;15,133333333333333;15;TARDE;-0,7071067811865471;-0,7071067811865479;0,9749279121818236;-0,22252093395631434;3;5;45,45;MEDIO
2024-10-24;06:20:00;CUENCA;CUENCA;URBANA;-2,867923;-78,984216;AV. DEL TORIL Y CAMINO A PATAMARCA;CHOQUE LATERAL;NO RESPETAR LAS SEÑALES REGLAMENTARIAS DE TRÁNSITO. (PARE, CEDA EL PASO, LUZ ROJA DEL SEMAFORO, ETC).;NO IDENTIFICADO;1;0;NO;2024;10;24;3;JUEVES;6,333333333333333;6;MANANA;1,0;6,123233995736766e-17;0,43388373911755823;-0,900968867902419;1;8;72,73;ALTO
2024-10-24;10:34:00;CUENCA;CUENCA;URBANA;-2,881864;-78,998276;AV. MIRAFLORES Y PEDRO FRANCO DÁVILA;OTROS;CASO FORTUITO O FUERZA MAYOR (EXPLOSIÓN DE NEUMÁTICO NUEVO, DERRUMBE, INUNDACIÓN, CAÍDA DE PUENTE, ÁRBOL, PRESENCIA INTEMPESTIVA E IMPREVISTA DE SEMOVIENTES EN LA VÍA, ETC.).;VEHÍCULO DEPORTIVO UTILITARIO;0;0;NO;2024;10;24;3;JUEVES;10,566666666666666;10;MANANA;0,49999999999999994;-0,8660254037844387;0,43388373911755823;-0,900968867902419;0;8;72,73;ALTO
2024-10-24;12:31:00;CUENCA;CUENCA;URBANA;-2,888859;-78,996273;CORONEL FRANCISCO CALDERÓN Y ANTONIO VALLEJO;CHOQUE LATERAL;NO RESPETAR LAS SEÑALES REGLAMENTARIAS DE TRÁNSITO. (PARE, CEDA EL PASO, LUZ ROJA DEL SEMAFORO, ETC).;CAMIONETA;0;0;NO;2024;10;24;3;JUEVES;12,516666666666667;12;TARDE;1,2246467991473532e-16;-1,0;0,43388373911755823;-0,900968867902419;0;6;54,55;MEDIO
2024-10-24;15:18:00;CUENCA;CUENCA;URBANA;-2,916324;-79,038574;AVENIDA DE LAS AMERICAS Y JUAN PIO MONTUFAR;ATROPELLOS;NO RESPETAR LAS SEÑALES REGLAMENTARIAS DE TRÁNSITO. (PARE, CEDA EL PASO, LUZ ROJA DEL SEMAFORO, ETC).;AUTOMÓVIL;1;0;NO;2024;10;24;3;JUEVES;15,3;15;TARDE;-0,7071067811865471;-0,7071067811865479;0,43388373911755823;-0,900968867902419;1;6;54,55;MEDIO
2024-10-24;19:13:00;CUENCA;CUENCA;URBANA;-2,909787;-78,994065;AV. PASEO DE LOS CAÑARIS Y AV. PUMAPUNGO;CHOQUE LATERAL;CONDUCIR DESATENTO A LAS CONDICIONES DE TRÁNSITO (CELULAR, PANTALLAS DE VIDEO, COMIDA, MAQUILLAJE O CUALQUIER OTRO ELEMENTO DISTRACTOR).;VEHÍCULO DEPORTIVO UTILITARIO;3;0;NO;2024;10;24;3;JUEVES;19,216666666666665;19;NOCHE;-0,9659258262890684;0,2588190451025203;0,43388373911755823;-0,900968867902419;3;2;18,18;BAJO
2024-10-25;19:34:00;CUENCA;CUENCA;URBANA;-2,921638;-79,045569;AV. RICARDO DURAN Y MARIANO GODOY;ROZAMIENTOS;CONDUCE BAJO LA INFLUENCIA DE ALCOHOL, SUSTANCIAS ESTUPEFACIENTES O PSICOTRÓPICAS Y/O MEDICAMENTOS.;CAMIONETA;1;0;NO;2024;10;25;4;VIERNES;19,566666666666666;19;NOCHE;-0,9659258262890684;0,2588190451025203;-0,433883739117558;-0,9009688679024191;1;2;18,18;BAJO
2024-10-26;00:18:00;CUENCA;CUENCA;URBANA;-2,897776;-78,996677;AV. HUAYNA CAPAC Y GRAN COLOMBIA;PÉRDIDA DE CARRIL;CONDUCE BAJO LA INFLUENCIA DE ALCOHOL, SUSTANCIAS ESTUPEFACIENTES O PSICOTRÓPICAS Y/O MEDICAMENTOS.;AUTOMÓVIL;4;0;NO;2024;10;26;5;SABADO;0,3;0;MADRUGADA;0,0;1,0;-0,9749279121818236;-0,2225209339563146;4;4;36,36;BAJO
2024-10-26;01:24:00;CUENCA;CUENCA;URBANA;-2,903653;-79,010406;AGUSTIN CUEVA VALLEJO Y HONORATO LOYOLA;CHOQUE LATERAL;CONDUCIR EN ESTADO DE SOMNOLENCIA O MALAS CONDICIONES FÍSICAS (SUEÑO, CANSANCIO Y FATIGA).;NO IDENTIFICADO;2;0;NO;2024;10;26;5;SABADO;1,4;1;MADRUGADA;0,25881904510252074;0,9659258262890683;-0,9749279121818236;-0,2225209339563146;2;4;36,36;BAJO
2024-10-26;04:49:00;CUENCA;CUENCA;URBANA;-2,892102;-79,003007;PÍO BRAVO Y LUIS CORDERO;CHOQUE LATERAL;NO RESPETAR LAS SEÑALES REGLAMENTARIAS DE TRÁNSITO. (PARE, CEDA EL PASO, LUZ ROJA DEL SEMAFORO, ETC).;VEHÍCULO DEPORTIVO UTILITARIO;1;0;NO;2024;10;26;5;SABADO;4,816666666666666;4;MADRUGADA;0,8660254037844386;0,5000000000000001;-0,9749279121818236;-0,2225209339563146;1;4;36,36;BAJO
2024-10-26;12:02:00;CUENCA;SAN JOAQUIN;URBANA;-2,907982;-79,257689;SAN ANTONIO DE CHAUCHA Y NO EXISTE;PÉRDIDA DE PISTA;NO RESPETAR LAS SEÑALES REGLAMENTARIAS DE TRÁNSITO. (PARE, CEDA EL PASO, LUZ ROJA DEL SEMAFORO, ETC).;MOTOCICLETA;1;0;NO;2024;10;26;5;SABADO;12,033333333333333;12;TARDE;1,2246467991473532e-16;-1,0;-0,9749279121818236;-0,2225209339563146;1;1;9,09;BAJO
2024-10-26;14:16:00;CUENCA;CUENCA;URBANA;-2,858183;-78,988631;HÉROES DEL CENEPA Y LA COMPAÑÍA;ATROPELLOS;PEATÓN QUE CRUZA LA CALZADA SIN RESPETAR LA SEÑALIZACIÓN EXISTENTE (SEMÁFOROS O SEÑALES MANUALES).;AUTOMÓVIL;1;0;NO;2024;10;26;5;SABADO;14,266666666666667;14;TARDE;-0,4999999999999997;-0,8660254037844388;-0,9749279121818236;-0,2225209339563146;1;2;18,18;BAJO
2024-10-26;15:32:00;CUENCA;CUENCA;URBANA;-2,868882;-78,983395;AV DEL TORIL Y LA COMPAÑIA;ROZAMIENTOS;NO GUARDAR LA DISTANCIA LATERAL MÍNIMA DE SEGURIDAD ENTRE VEHÍCULOS.;MOTOCICLETA;1;0;NO;2024;10;26;5;SABADO;15,533333333333333;15;TARDE;-0,7071067811865471;-0,7071067811865479;-0,9749279121818236;-0,2225209339563146;1;2;18,18;BAJO