FECHA;HORA;CANTON;PARROQUIA;ZONA;LATITUD_Y;LONGITUD_X;DIRECCION;TIPO_DE_SINIESTRO;CAUSA_PROBABLE;TIPO_DE_VEHICULO_1;LESIONADOS;FALLECIDOS;FERIADO;ANIO;MES;DIA;DIA_SEMANA;NOMBRE_DIA;HORA_DECIMAL;HORA_NUM;RANGO_HORARIO;HORA_SIN;HORA_COS;DIA_SIN;DIA_COS;TOTAL_VICTIMAS;NUM_ACCIDENTES;RIESGO_PORCENTAJE;NIVEL_RIESGO
2024-11-21;18:31:00;CUENCA;CUENCA;URBANA;-2,894085;-79,021456;AVENIDA  12 DE ABRIL Y FERNANDINA;CHOQUE LATERAL;CONDUCIR DESATENTO A LAS CONDICIONES DE TRÁNSITO (CELULAR, PANTALLAS DE VIDEO, COMIDA, MAQUILLAJE O CUALQUIER OTRO ELEMENTO DISTRACTOR).;MOTOCICLETA;1;0;NO;2024;11;21;3;JUEVES;18,516666666666666;18;NOCHE;-1,0;-1,8369701987210297e-16;0,43388373911755823;-0,900968867902419;1;3;27,27;BAJO
2024-11-21;23:23:00;CUENCA;CUENCA;URBANA;-2,887716;-79,009876;AV DE LAS AMERICAS Y AV HEROES DE VERDELOMA;CHOQUE LATERAL;NO RESPETAR LAS SEÑALES REGLAMENTARIAS DE TRÁNSITO. (PARE, CEDA EL PASO, LUZ ROJA DEL SEMAFORO, ETC).;MOTOCICLETA;3;0;NO;2024;11;21;3;JUEVES;23,383333333333333;23;NOCHE;-0,25881904510252157;0,9659258262890681;0,43388373911755823;-0,900968867902419;3;3;27,27;BAJO
2024-11-22;18:10:00;CUENCA;CUENCA;URBANA;-2,892295;-79,006019;ANTONIO VEGA MUÑOZ Y GENERAL TORRES;ATROPELLOS;CONDUCIR DESATENTO A LAS CONDICIONES DE TRÁNSITO (CELULAR, PANTALLAS DE VIDEO, COMIDA, MAQUILLAJE O CUALQUIER OTRO ELEMENTO DISTRACTOR).;MOTOCICLETA;1;0;NO;2024;11;22;4;VIERNES;18,166666666666668;18;NOCHE;-1,0;-1,8369701987210297e-16;-0,433883739117558;-0,9009688679024191;1;5;45,45;MEDIO
2024-11-22;18:20:00;CUENCA;CUENCA;URBANA;-2,911646;-79,035881;AV DE LAS AMERICAS Y AV DON BOSCO;ATROPELLOS;PEATÓN QUE CRUZA LA CALZADA SIN RESPETAR LA SEÑALIZACIÓN EXISTENTE (SEMÁFOROS O SEÑALES MANUALES).;NO IDENTIFICADO;0;0;NO;2024;11;22;4;VIERNES;18,333333333333332;18;NOCHE;-1,0;-1,8369701987210297e-16;-0,433883739117558;-0,9009688679024191;0;5;45,45;MEDIO
2024-11-22;23:06:00;CUENCA;CUENCA;URBANA;-2,901598;-79,002743;HERMANO MIGUEL Y HONORATO VASQUEZ;OTROS;CONDUCE BAJO LA INFLUENCIA DE ALCOHOL, SUSTANCIAS ESTUPEFACIENTES O PSICOTRÓPICAS Y/O MEDICAMENTOS.;CAMIONETA;0;0;NO;2024;11;22;4;VIERNES;23,1;23;NOCHE;-0,25881904510252157;0,9659258262890681;-0,433883739117558;-0,9009688679024191;0;5;45,45;MEDIO
2024-11-23;19:38:00;CUENCA;CUENCA;URBANA;-2,888143;-79,017438;DEL CEBOLLAR Y CAYAMBE;CHOQUE LATERAL;CONDUCIR DESATENTO A LAS CONDICIONES DE TRÁNSITO (CELULAR, PANTALLAS DE VIDEO, COMIDA, MAQUILLAJE O CUALQUIER OTRO ELEMENTO DISTRACTOR).;MOTOCICLETA;2;0;NO;2024;11;23;5;SABADO;19,633333333333333;19;NOCHE;-0,9659258262890684;0,2588190451025203;-0,9749279121818236;-0,2225209339563146;2;5;45,45;MEDIO
2024-11-23;20:07:00;CUENCA;CUENCA;URBANA;-2,889694;-79,04531;MONSEÑOR LEONIDAS PROAÑO Y GENERAL ESCANDON;CHOQUE POSTERIOR;CONDUCIR DESATENTO A LAS CONDICIONES DE TRÁNSITO (CELULAR, PANTALLAS DE VIDEO, COMIDA, MAQUILLAJE O CUALQUIER OTRO ELEMENTO DISTRACTOR).;VEHÍCULO DEPORTIVO UTILITARIO;0;0;NO;2024;11;23;5;SABADO;20,116666666666667;20;NOCHE;-0,8660254037844386;0,5000000000000001;-0,9749279121818236;-0,2225209339563146;0;5;45,45;MEDIO
2024-11-24;02:21:00;CUENCA;CUENCA;URBANA;-2,901241;-78,984485;MAX UHLE Y CESAR VALLEJO;ESTRELLAMIENTOS;NO RESPETAR LAS SEÑALES REGLAMENTARIAS DE TRÁNSITO. (PARE, CEDA EL PASO, LUZ ROJA DEL SEMAFORO, ETC).;NO IDENTIFICADO;0;0;NO;2024;11;24;6;DOMINGO;2,35;2;MADRUGADA;0,49999999999999994;0,8660254037844387;-0,7818314824680299;0,6234898018587334;0;2;18,18;BAJO
2024-11-24;03:08:00;CUENCA;CUENCA;URBANA;-2,891773;-78,957219;RED ESTATAL E 35 KM 698 Y VIA AL ZOOLOGICO AMARU;PÉRDIDA DE PISTA;NO RESPETAR LAS SEÑALES REGLAMENTARIAS DE TRÁNSITO. (PARE, CEDA EL PASO, LUZ ROJA DEL SEMAFORO, ETC).;MOTOCICLETA;1;0;NO;2024;11;24;6;DOMINGO;3,1333333333333333;3;MADRUGADA;0,7071067811865476;0,7071067811865476;-0,7818314824680299;0,6234898018587334;1;2;18,18;BAJO
2024-11-24;12:45:00;CUENCA;CUENCA;URBANA;-2,898042;-79,008102;PRESIDENTE CORDOVA Y TARQUI;CHOQUE LATERAL;DISPOSITIVO REGULADOR DE TRÁNSITO EN MAL ESTADO DE FUNCIONAMIENTO (SEMÁFORO).;MOTOCICLETA;2;0;NO;2024;11;24;6;DOMINGO;12,75;12;TARDE;1,2246467991473532e-16;-1,0;-0,7818314824680299;0,6234898018587334;2;1;9,09;BAJO
2024-11-24;18:01:00;CUENCA;CUENCA;URBANA;-2,899678;-79,026965;AV AMERICAS Y ECUADOR;ATROPELLOS;PEATÓN QUE CRUZA LA CALZADA SIN RESPETAR LA SEÑALIZACIÓN EXISTENTE (SEMÁFOROS O SEÑALES MANUALES).;MOTOCICLETA;1;0;NO;2024;11;24;6;DOMINGO;18,016666666666666;18;NOCHE;-1,0;-1,8369701987210297e-16;-0,7818314824680299;0,6234898018587334;1;5;45,45;MEDIO
2024-11-24;19:05:00;CUENCA;CUENCA;RURAL;-2,885632;-79,067647;AV ENRIQUE ARIZAGA TORAL Y VIA A LA DOLOROSA;CHOQUE LATERAL;NO RESPETAR LAS SEÑALES REGLAMENTARIAS DE TRÁNSITO. (PARE, CEDA EL PASO, LUZ ROJA DEL SEMAFORO, ETC).;MOTOCICLETA;1;0;NO;2024;11;24;6;DOMINGO;19,083333333333332;19;NOCHE;-0,9659258262890684;0,2588190451025203;-0,7818314824680299;0,6234898018587334;1;1;9,09;BAJO
2024-11-26;02:43:00;CUENCA;SAYAUSI;URBANA;-2,875055;-79,072037;AV ORDOÑEZ LASSO Y GARCIA MORENO;ESTRELLAMIENTOS;NO RESPETAR LAS SEÑALES REGLAMENTARIAS DE TRÁNSITO. (PARE, CEDA EL PASO, LUZ ROJA DEL SEMAFORO, ETC).;NO IDENTIFICADO;0;0;NO;2024;11;26;1;MARTES;2,716666666666667;2;MADRUGADA;0,49999999999999994;0,8660254037844387;0,7818314824680298;0,6234898018587336;0;1;9,09;BAJO
2024-11-26;07:51:00;CUENCA;CUENCA;URBANA;-2,871649;-79,036527;AV ABELARDO J ANDRADE Y DE LOS CEREZOS;CHOQUE LATERAL;NO RESPETAR LAS SEÑALES REGLAMENTARIAS DE TRÁNSITO. (PARE, CEDA EL PASO, LUZ ROJA DEL SEMAFORO, ETC).;CAMIÓN;0;2;NO;2024;11;26;1;MARTES;7,85;7;MANANA;0,9659258262890683;-0,25881904510252063;0,7818314824680298;0,6234898018587336;2;2;18,18;BAJO
2024-11-26;16:17:00;CUENCA;CUENCA;URBANA;-2,891535;-78,993917;AV GIL RAMIREZ DAVALOS Y DEL CHORRO;CHOQUE POSTERIOR;NO MANTENER LA DISTANCIA PRUDENCIAL CON RESPECTO AL VEHÍCULO QUE LE ANTECEDE.;VEHÍCULO DEPORTIVO UTILITARIO;0;0;NO;2024;11;26;1;MARTES;16,283333333333335;16;TARDE;-0,8660254037844385;-0,5000000000000004;0,7818314824680298;0,6234898018587336;0;5;45,45;MEDIO
2024-11-26;16:22:00;CUENCA;CUENCA;URBANA;-2,899212;-78,988453;PASEO HUAGRAUMA Y JUAN DE VELAZCO;ATROPELLOS;NO RESPETAR LAS SEÑALES REGLAMENTARIAS DE TRÁNSITO. (PARE, CEDA EL PASO, LUZ ROJA DEL SEMAFORO, ETC).;NO IDENTIFICADO;0;0;NO;2024;11;26;1;MARTES;16,366666666666667;16;TARDE;-0,8660254037844385;-0,5000000000000004;0,7818314824680298;0,6234898018587336;0;5;45,45;MEDIO
2024-11-26;18:58:00;CUENCA;CUENCA;URBANA;-2,882014;-78,996087;TURUHUAYCO Y JOSE IGNACIO CANELOS;PÉRDIDA DE PISTA;NO RESPETAR LAS SEÑALES REGLAMENTARIAS DE TRÁNSITO. (PARE, CEDA EL PASO, LUZ ROJA DEL SEMAFORO, ETC).;MOTOCICLETA;1;0;NO;2024;11;26;1;MARTES;18,966666666666665;18;NOCHE;-1,0;-1,8369701987210297e-16;0,7818314824680298;0,6234898018587336;1;3;27,27;BAJO
2024-11-27;07:32:00;CUENCA;CUENCA;URBANA;-2,890072;-78,995261;BARRIAL BLANCO Y DEL CHORRO;ROZAMIENTOS;ADELANTAR O REBASAR A OTRO VEHÍCULO EN MOVIMIENTO EN ZONAS O SITIOS PELIGROSOS TALES COMO: CURVAS, PUENTES, TÚNELES, PENDIENTES, ETC.;MOTOCICLETA;1;0;NO;2024;11;27;2;MIERCOLES;7,533333333333333;7;MANANA;0,9659258262890683;-0,25881904510252063;0,9749279121818236;-0,22252093395631434;1;4;36,36;BAJO
2024-11-27;14:00:00;CUENCA;CUENCA;URBANA;-2,911496;-78,967123;ALFONSO FIGUEROA TERREROS Y VIA MONAY BAGUANCHI;PÉRDIDA DE PISTA;NO RESPETAR LAS SEÑALES REGLAMENTARIAS DE TRÁNSITO. (PARE, CEDA EL PASO, LUZ ROJA DEL SEMAFORO, ETC).;NO IDENTIFICADO;0;0;NO;2024;11;27;2;MIERCOLES;14,0;14;TARDE;-0,4999999999999997;-0,8660254037844388;0,9749279121818236;-0,22252093395631434;0;5;45,45;MEDIO
2024-11-27;18:06:00;CUENCA;CUENCA;URBANA;-2,878633;-78,943269;RED ESTATAL E35 KM 696;COLISIÓN;CONDUCE BAJO LA INFLUENCIA DE ALCOHOL, SUSTANCIAS ESTUPEFACIENTES O PSICOTRÓPICAS Y/O MEDICAMENTOS.;AUTOMÓVIL;1;0;NO;2024;11;27;2;MIERCOLES;18,1;18;NOCHE;-1,0;-1,8369701987210297e-16;0,9749279121818236;-0,22252093395631434;1;6;54,55;MEDIO
2024-11-27;19:17:00;CUENCA;CUENCA;URBANA;-2,882073;-79,022791;ABELARDO J  ANDRADE  Y HOMERO;ATROPELLOS;CONDUCIR VEHÍCULO SUPERANDO LOS LÍMITES MÁXIMOS DE VELOCIDAD.;NO IDENTIFICADO;0;0;NO;2024;11;27;2;MIERCOLES;19,283333333333335;19;NOCHE;-0,9659258262890684;0,2588190451025203;0,9749279121818236;-0,22252093395631434;0;6;54,55;MEDIO
2024-11-29;16:14:00;CUENCA;CUENCA;URBANA;-2,858027;-78,987779;VIA A MAYANCELA;CHOQUE FRONTAL;NO RESPETAR LAS SEÑALES REGLAMENTARIAS DE TRÁNSITO. (PARE, CEDA EL PASO, LUZ ROJA DEL SEMAFORO, ETC).;MOTOCICLETA;1;0;NO;2024;11;29;4;VIERNES;16,233333333333334;16;TARDE;-0,8660254037844385;-0,5000000000000004;-0,433883739117558;-0,9009688679024191;1;5;45,45;MEDIO
2024-11-29;20:04:00;CUENCA;CUENCA;URBANA;-2,914323;-79,022538;AV 12 DE OCTUBRE Y JUAN RAMON JIMENEZ;CHOQUE POSTERIOR;CONDUCIR DESATENTO A LAS CONDICIONES DE TRÁNSITO (CELULAR, PANTALLAS DE VIDEO, COMIDA, MAQUILLAJE O CUALQUIER OTRO ELEMENTO DISTRACTOR).;VEHÍCULO DEPORTIVO UTILITARIO;0;0;NO;2024;11;29;4;VIERNES;20,066666666666666;20;NOCHE;-0,8660254037844386;0,5000000000000001;-0,433883739117558;-0,9009688679024191;0;5;45,45;MEDIO
2024-11-30;04:08:00;CUENCA;CUENCA;URBANA;-2,90016;-78,970881;RED ESTATAL E35 KM 700 AUTOPISTA CUENCA AZOGUES Y VIA A MONAY BAGUANCHI;PÉRDIDA DE PISTA;CONDUCIR DESATENTO A LAS CONDICIONES DE TRÁNSITO (CELULAR, PANTALLAS DE VIDEO, COMIDA, MAQUILLAJE O CUALQUIER OTRO ELEMENTO DISTRACTOR).;AUTOMÓVIL;0;0;NO;2024;11;30;5;SABADO;4,133333333333334;4;MADRUGADA;0,8660254037844386;0,5000000000000001;-0,9749279121818236;-0,2225209339563146;0;1;9,09;BAJO
2024-11-30;09:13:00;CUENCA;CUENCA;URBANA;-2,927006;-79,039098;DE LA OPERA Y DEL CHARANGO;CHOQUE LATERAL;CONDUCE BAJO LA INFLUENCIA DE ALCOHOL, SUSTANCIAS ESTUPEFACIENTES O PSICOTRÓPICAS Y/O MEDICAMENTOS.;VEHÍCULO DEPORTIVO UTILITARIO;0;0;NO;2024;11;30;5;SABADO;9,216666666666667;9;MANANA;0,7071067811865476;-0,7071067811865475;-0,9749279121818236;-0,2225209339563146;0;1;9,09;BAJO
2024-11-30;17:52:00;CUENCA;CUENCA;URBANA;-2,884934;-79,011575;AV ABELARDO J ANDRADE E ISAAC NEWTON;CHOQUE POSTERIOR;CONDUCE BAJO LA INFLUENCIA DE ALCOHOL, SUSTANCIAS ESTUPEFACIENTES O PSICOTRÓPICAS Y/O MEDICAMENTOS.;AUTOMÓVIL;1;0;NO;2024;11;30;5;SABADO;17,866666666666667;17;TARDE;-0,9659258262890683;-0,25881904510252063;-0,9749279121818236;-0,2225209339563146;1;4;36,36;BAJO
2024-11-30;22:05:00;CUENCA;SAN JOAQUIN;RURAL;-2,891848;-79,043922;CALLE JUAN GIRON SANCHEZ SECTOR BALSAY BAJO;PÉRDIDA DE PISTA;CONDUCE BAJO LA INFLUENCIA DE ALCOHOL, SUSTANCIAS ESTUPEFACIENTES O PSICOTRÓPICAS Y/O MEDICAMENTOS.;MOTOCICLETA;1;0;NO;2024;11;30;5;SABADO;22,083333333333332;22;NOCHE;-0,5000000000000004;0,8660254037844384;-0,9749279121818236;-0,2225209339563146;1;1;9,09;BAJO
2024-11-30;22:21:00;CUENCA;TURI;URBANA;-2,923328;-79,029483;RED ESTATAL E35 KM 707 AUTOPISTA CUENCA AZOGUES Y SN;CHOQUE LATERAL;CONDUCIR DESATENTO A LAS CONDICIONES DE TRÁNSITO (CELULAR, PANTALLAS DE VIDEO, COMIDA, MAQUILLAJE O CUALQUIER OTRO ELEMENTO DISTRACTOR).;AUTOMÓVIL;2;0;NO;2024;11;30;5;SABADO;22,35;22;NOCHE;-0,5000000000000004;0,8660254037844384;-0,9749279121818236;-0,2225209339563146;2;1;9,09;BAJO
2024-12-01;08:10:00;CUENCA;CUENCA;URBANA;-2,897433;-79,003791;AV DE LAS AMERICAS Y MARISCAL LAMAR;COLISIÓN;CONDUCE BAJO LA INFLUENCIA DE ALCOHOL, SUSTANCIAS ESTUPEFACIENTES O PSICOTRÓPICAS Y/O MEDICAMENTOS.;AUTOMÓVIL;0;0;NO;2024;12;1;6;DOMINGO;8,166666666666666;8;MANANA;0,8660254037844387;-0,4999999999999998;-0,7818314824680299;0,6234898018587334;0;1;9,09;BAJO
2024-12-02;07:10:00;CUENCA;CUENCA;URBANA;-2,897433;-79,003791;GONZALO CORDERO DAVILA Y AGUSTIN CUEVA VALLEJO;CHOQUE LATERAL;DISPOSITIVO REGULADOR DE TRÁNSITO EN MAL ESTADO DE FUNCIONAMIENTO (SEMÁFORO).;AUTOMÓVIL;1;0;NO;2024;12;2;0;LUNES;7,166666666666667;7;MANANA;0,9659258262890683;-0,25881904510252063;0,0;1,0;1;3;27,27;BAJO
2024-12-02;08:04:00;CUENCA;CUENCA;URBANA;-2,897433;-79,003791;SIMON BOLIVAR Y TARQUI;CHOQUE LATERAL;DISPOSITIVO REGULADOR DE TRÁNSITO EN MAL ESTADO DE FUNCIONAMIENTO (SEMÁFORO).;AUTOMÓVIL;0;0;NO;2024;12;2;0;LUNES;8,066666666666666;8;MANANA;0,8660254037844387;-0,4999999999999998;0,0;1,0;0;3;27,27;BAJO
2024-12-02;10:58:00;CUENCA;CUENCA;URBANA;-2,897433;-79,003791;MIGUEL CORDERO DAVILA Y AV FRAY VICENTE SOLANO;ATROPELLOS;NO CEDER EL DERECHO DE VÍA O PREFERENCIA DE PASO AL PEATÓN.;MOTOCICLETA;1;0;NO;2024;12;2;0;LUNES;10,966666666666667;10;MANANA;0,49999999999999994;-0,8660254037844387;0,0;1,0;1;3;27,27;BAJO
2024-12-02;11:51:00;CUENCA;VICTORIA DEL PORTETE;RURAL;-3,0719645;-79,0706145;CAMINO VIEJO A GIRON Y SN;CHOQUE LATERAL;CONDUCE BAJO LA INFLUENCIA DE ALCOHOL, SUSTANCIAS ESTUPEFACIENTES O PSICOTRÓPICAS Y/O MEDICAMENTOS.;MOTOCICLETA;1;0;NO;2024;12;2;0;LUNES;11,85;11;MANANA;0,258819045102521;-0,9659258262890682;0,0;1,0;1;1;9,09;BAJO
2024-12-02;17:40:00;CUENCA;CUENCA;URBANA;-2,897433;-79,003791;SAN MIGUEL DE PUTUSHI Y CAMINO DEL TEJAR;ATROPELLOS;CONDUCIR DESATENTO A LAS CONDICIONES DE TRÁNSITO (CELULAR, PANTALLAS DE VIDEO, COMIDA, MAQUILLAJE O CUALQUIER OTRO ELEMENTO DISTRACTOR).;NO IDENTIFICADO;2;0;NO;2024;12;2;0;LUNES;17,666666666666668;17;TARDE;-0,9659258262890683;-0,25881904510252063;0,0;1,0;2;5;45,45;MEDIO
2024-12-03;17:44:00;CUENCA;CUENCA;URBANA;-2,897433;-79,003791;AV ENRIQUE ARIZAGA TORAL E ISAURO RODRIGUEZ;CHOQUE LATERAL;DISPOSITIVO REGULADOR DE TRÁNSITO EN MAL ESTADO DE FUNCIONAMIENTO (SEMÁFORO).;VEHÍCULO DEPORTIVO UTILITARIO;0;0;NO;2024;12;3;1;MARTES;17,733333333333334;17;TARDE;-0,9659258262890683;-0,25881904510252063;0,7818314824680298;0,6234898018587336;0;2;18,18;BAJO
2024-12-03;17:47:00;CUENCA;CUENCA;URBANA;-2,897433;-79,003791;AV ORDOÑEZ LASSO Y SAN MIGUEL DE PUTUSI;ROZAMIENTOS;NO GUARDAR LA DISTANCIA LATERAL MÍNIMA DE SEGURIDAD ENTRE VEHÍCULOS.;MOTOCICLETA;1;0;NO;2024;12;3;1;MARTES;17,783333333333335;17;TARDE;-0,9659258262890683;-0,25881904510252063;0,7818314824680298;0,6234898018587336;1;2;18,18;BAJO
2024-12-03;19:40:00;CUENCA;CUENCA;URBANA;-2,897433;-79,003791;MARISCAL SUCRE Y JUAN MONTALVO;CHOQUE LATERAL;DISPOSITIVO REGULADOR DE TRÁNSITO EN MAL ESTADO DE FUNCIONAMIENTO (SEMÁFORO).;AUTOMÓVIL;0;0;NO;2024;12;3;1;MARTES;19,666666666666668;19;NOCHE;-0,9659258262890684;0,2588190451025203;0,7818314824680298;0,6234898018587336;0;5;45,45;MEDIO
2024-12-04;08:00:00;CUENCA;CUENCA;URBANA;-2,897433;-79,003791;YAGUARCOCHA Y CAJAS;ATROPELLOS;NO RESPETAR LAS SEÑALES REGLAMENTARIAS DE TRÁNSITO. (PARE, CEDA EL PASO, LUZ ROJA DEL SEMAFORO, ETC).;MOTOCICLETA;2;0;NO;2024;12;4;2;MIERCOLES;8,0;8;MANANA;0,8660254037844387;-0,4999999999999998;0,9749279121818236;-0,22252093395631434;2;2;18,18;BAJO
2024-12-04;15:48:00;CUENCA;CUENCA;URBANA;-2,897433;-79,003791;AV GUAPONDELIG Y JUAN JOSE FLORES;CHOQUE LATERAL;DISPOSITIVO REGULADOR DE TRÁNSITO EN MAL ESTADO DE FUNCIONAMIENTO (SEMÁFORO).;MOTOCICLETA;1;0;NO;2024;12;4;2;MIERCOLES;15,8;15;TARDE;-0,7071067811865471;-0,7071067811865479;0,9749279121818236;-0,22252093395631434;1;3;27,27;BAJO
2024-12-04;18:22:00;CUENCA;RICAURTE (CUENCA);RURAL;-2,864029;-78,96467;AV 25 DE MARZO Y VIA A SAN MIGUEL;ATROPELLOS;NO CEDER EL DERECHO DE VÍA O PREFERENCIA DE PASO AL PEATÓN.;MOTOCICLETA;2;0;NO;2024;12;4;2;MIERCOLES;18,366666666666667;18;NOCHE;-1,0;-1,8369701987210297e-16;0,9749279121818236;-0,22252093395631434;2;1;9,09;BAJO
2024-12-05;13:03:00;CUENCA;CUENCA;URBANA;-2,897433;-79,003791;RED ESTATAL E 35 KM 698 Y NO EXISTE;ESTRELLAMIENTOS;NO MANTENER LA DISTANCIA PRUDENCIAL CON RESPECTO AL VEHÍCULO QUE LE ANTECEDE.;VEHÍCULO DEPORTIVO UTILITARIO;0;0;NO;2024;12;5;3;JUEVES;13,05;13;TARDE;-0,2588190451025208;-0,9659258262890683;0,43388373911755823;-0,900968867902419;0;5;45,45;MEDIO
2024-12-05;19:29:00;CUENCA;CUENCA;URBANA;-2,897433;-79,003791;MIGUEL CORDERO DÁVILA Y CORNELIO MERCHÁN;CHOQUE LATERAL;DISPOSITIVO REGULADOR DE TRÁNSITO EN MAL ESTADO DE FUNCIONAMIENTO (SEMÁFORO).;MOTOCICLETA;0;1;NO;2024;12;5;3;JUEVES;19,483333333333334;19;NOCHE;-0,9659258262890684;0,2588190451025203;0,43388373911755823;-0,900968867902419;1;5;45,45;MEDIO
2024-12-05;20:29:00;CUENCA;CUENCA;URBANA;-2,897433;-79,003791;YAGUARCOCHA Y CAJAS;COLISIÓN;CONDUCE BAJO LA INFLUENCIA DE ALCOHOL, SUSTANCIAS ESTUPEFACIENTES O PSICOTRÓPICAS Y/O MEDICAMENTOS.;AUTOMÓVIL;1;0;NO;2024;12;5;3;JUEVES;20,483333333333334;20;NOCHE;-0,8660254037844386;0,5000000000000001;0,43388373911755823;-0,900968867902419;1;5;45,45;MEDIO
2024-12-05;20:39:00;CUENCA;CUENCA;URBANA;-2,897433;-79,003791;DEL BATAN Y EDWIN SACOTO;CHOQUE LATERAL;NO RESPETAR LAS SEÑALES REGLAMENTARIAS DE TRÁNSITO. (PARE, CEDA EL PASO, LUZ ROJA DEL SEMAFORO, ETC).;VEHÍCULO DEPORTIVO UTILITARIO;5;0;NO;2024;12;5;3;JUEVES;20,65;20;NOCHE;-0,8660254037844386;0,5000000000000001;0,43388373911755823;-0,900968867902419;5;5;45,45;MEDIO
2024-12-06;07:22:00;CUENCA;CHIQUINTAD;URBANA;-2,8350655;-78,98962599999999;VIA A CHIQUINTAD Y SN;CHOQUE LATERAL;CONDUCIR DESATENTO A LAS CONDICIONES DE TRÁNSITO (CELULAR, PANTALLAS DE VIDEO, COMIDA, MAQUILLAJE O CUALQUIER OTRO ELEMENTO DISTRACTOR).;AUTOMÓVIL;0;0;NO;2024;12;6;4;VIERNES;7,366666666666666;7;MANANA;0,9659258262890683;-0,25881904510252063;-0,433883739117558;-0,9009688679024191;0;1;9,09;BAJO
2024-12-06;12:52:00;CUENCA;CUENCA;URBANA;-2,897433;-79,003791;HUAYNA CAPAC Y LAMAR;CHOQUE LATERAL;NO RESPETAR LAS SEÑALES REGLAMENTARIAS DE TRÁNSITO. (PARE, CEDA EL PASO, LUZ ROJA DEL SEMAFORO, ETC).;NO IDENTIFICADO;1;0;NO;2024;12;6;4;VIERNES;12,866666666666667;12;TARDE;1,2246467991473532e-16;-1,0;-0,433883739117558;-0,9009688679024191;1;6;54,55;MEDIO
2024-12-06;15:54:00;CUENCA;CUENCA;URBANA;-2,897433;-79,003791;LUIS MORENO MORA Y AGUSTÍN CUEVA;CHOQUE LATERAL;NO RESPETAR LAS SEÑALES REGLAMENTARIAS DE TRÁNSITO. (PARE, CEDA EL PASO, LUZ ROJA DEL SEMAFORO, ETC).;AUTOMÓVIL;0;0;NO;2024;12;6;4;VIERNES;15,9;15;TARDE;-0,7071067811865471;-0,7071067811865479;-0,433883739117558;-0,9009688679024191;0;6;54,55;MEDIO
2024-12-06;17:21:00;CUENCA;CUENCA;URBANA;-2,897433;-79,003791;ENCUENTRO NACIONAL Y DE LAS GUAYABERAS;PÉRDIDA DE CARRIL;NO RESPETAR LAS SEÑALES REGLAMENTARIAS DE TRÁNSITO. (PARE, CEDA EL PASO, LUZ ROJA DEL SEMAFORO, ETC).;CAMIÓN;1;0;NO;2024;12;6;4;VIERNES;17,35;17;TARDE;-0,9659258262890683;-0,25881904510252063;-0,433883739117558;-0,9009688679024191;1;6;54,55;MEDIO
2024-12-06;18:12:00;CUENCA;CUENCA;URBANA;-2,897433;-79,003791;VIA AL VALLE Y 24 DE MAYO;ATROPELLOS;CONDUCIR DESATENTO A LAS CONDICIONES DE TRÁNSITO (CELULAR, PANTALLAS DE VIDEO, COMIDA, MAQUILLAJE O CUALQUIER OTRO ELEMENTO DISTRACTOR).;VEHÍCULO DEPORTIVO UTILITARIO;0;1;NO;2024;12;6;4;VIERNES;18,2;18;NOCHE;-1,0;-1,8369701987210297e-16;-0,433883739117558;-0,9009688679024191;1;6;54,55;MEDIO
2024-12-07;01:16:00;CUENCA;CUENCA;URBANA;-2,897433;-79,003791;AV AMERICAS Y LOS NARANJOS;PÉRDIDA DE PISTA;CONDUCIR DESATENTO A LAS CONDICIONES DE TRÁNSITO (CELULAR, PANTALLAS DE VIDEO, COMIDA, MAQUILLAJE O CUALQUIER OTRO ELEMENTO DISTRACTOR).;AUTOMÓVIL;0;0;NO;2024;12;7;5;SABADO;1,2666666666666666;1;MADRUGADA;0,25881904510252074;0,9659258262890683;-0,9749279121818236;-0,2225209339563146;0;4;36,36;BAJO
2024-12-07;10:53:00;CUENCA;CUENCA;URBANA;-2,897433;-79,003791;RED ESTATAL E35 KM 702 Y SN;ESTRELLAMIENTOS;MAL ESTACIONADO - EL CONDUCTOR QUE DETENGA O ESTACIONE VEHÍCULOS EN SITIOS O ZONAS QUE ENTRAÑEN PELIGRO, TALES COMO ZONA DE SEGURIDAD, CURVAS, PUENTES, TÚNELES, PENDIENTES.;VEHÍCULO DEPORTIVO UTILITARIO;1;0;NO;2024;12;7;5;SABADO;10,883333333333333;10;MANANA;0,49999999999999994;-0,8660254037844387;-0,9749279121818236;-0,2225209339563146;1;4;36,36;BAJO
2024-12-07;14:37:00;CUENCA;CUENCA;URBANA;-2,897433;-79,003791;ISABEL LA CATÓLICA Y TIRSO DE MOLINA;CHOQUE LATERAL;REALIZAR CAMBIO BRUSCO O INDEBIDO DE CARRIL.;MOTOCICLETA;1;0;NO;2024;12;7;5;SABADO;14,616666666666667;14;TARDE;-0,4999999999999997;-0,8660254037844388;-0,9749279121818236;-0,2225209339563146;1;5;45,45;MEDIO
2024-12-07;15:46:00;CUENCA;CUENCA;URBANA;-2,897433;-79,003791;DON BOSCO Y BARTOLOME RUIZ;CHOQUE LATERAL;REALIZAR CAMBIO BRUSCO O INDEBIDO DE CARRIL.;MOTOCICLETA;1;0;NO;2024;12;7;5;SABADO;15,766666666666667;15;TARDE;-0,7071067811865471;-0,7071067811865479;-0,9749279121818236;-0,2225209339563146;1;5;45,45;MEDIO