FECHA;HORA;CANTON;PARROQUIA;ZONA;LATITUD_Y;LONGITUD_X;DIRECCION;TIPO_DE_SINIESTRO;CAUSA_PROBABLE;TIPO_DE_VEHICULO_1;LESIONADOS;FALLECIDOS;FERIADO;ANIO;MES;DIA;DIA_SEMANA;NOMBRE_DIA;HORA_DECIMAL;HORA_NUM;RANGO_HORARIO;HORA_SIN;HORA_COS;DIA_SIN;DIA_COS;TOTAL_VICTIMAS;NUM_ACCIDENTES;RIESGO_PORCENTAJE;NIVEL_RIESGO
2024-12-07;18:15:00;CUENCA;CUENCA;URBANA;-2,897433;-79,003791;GASPAR SANGURIMA Y JUAN MONTALVO;CHOQUE LATERAL;NO RESPETAR LAS SEÑALES REGLAMENTARIAS DE TRÁNSITO. (PARE, CEDA EL PASO, LUZ ROJA DEL SEMAFORO, ETC).;VEHÍCULO DEPORTIVO UTILITARIO;0;0;NO;2024;12;7;5;SABADO;18,25;18;NOCHE;-1,0;-1,8369701987210297e-16;-0,9749279121818236;-0,2225209339563146;0;6;54,55;MEDIO
2024-12-07;19:12:00;CUENCA;CUENCA;URBANA;-2,897433;-79,003791;RED ESTATAL E 35 KM 691 Y SN;ATROPELLOS;NO TRANSITAR POR LAS ACERAS O ZONAS DE SEGURIDAD DESTINADAS PARA EL EFECTO.;NO IDENTIFICADO;0;1;NO;2024;12;7;5;SABADO;19,2;19;NOCHE;-0,9659258262890684;0,2588190451025203;-0,9749279121818236;-0,2225209339563146;1;6;54,55;MEDIO
2024-12-07;20:53:00;CUENCA;CUENCA;URBANA;-2,897433;-79,003791;AV DE LAS AMERICAS Y DEL TORIL;ESTRELLAMIENTOS;CONDUCIR DESATENTO A LAS CONDICIONES DE TRÁNSITO (CELULAR, PANTALLAS DE VIDEO, COMIDA, MAQUILLAJE O CUALQUIER OTRO ELEMENTO DISTRACTOR).;CAMIONETA;1;0;NO;2024;12;7;5;SABADO;20,883333333333333;20;NOCHE;-0,8660254037844386;0,5000000000000001;-0,9749279121818236;-0,2225209339563146;1;6;54,55;MEDIO
2024-12-08;15:42:00;CUENCA;CUENCA;URBANA;-2,897433;-79,003791;E MOSCOSO SERRANO Y DE LA VERBENA;ESTRELLAMIENTOS;CONDUCIR DESATENTO A LAS CONDICIONES DE TRÁNSITO (CELULAR, PANTALLAS DE VIDEO, COMIDA, MAQUILLAJE O CUALQUIER OTRO ELEMENTO DISTRACTOR).;CAMIONETA;2;0;NO;2024;12;8;6;DOMINGO;15,7;15;TARDE;-0,7071067811865471;-0,7071067811865479;-0,7818314824680299;0,6234898018587334;2;3;27,27;BAJO
2024-12-09;00:55:00;CUENCA;CUENCA;URBANA;-2,897433;-79,003791;AV 24 DE MAYO Y AV SOLANO;ESTRELLAMIENTOS;CONDUCIR DESATENTO A LAS CONDICIONES DE TRÁNSITO (CELULAR, PANTALLAS DE VIDEO, COMIDA, MAQUILLAJE O CUALQUIER OTRO ELEMENTO DISTRACTOR).;AUTOMÓVIL;0;0;NO;2024;12;9;0;LUNES;0,9166666666666666;0;MADRUGADA;0,0;1,0;0,0;1,0;0;1;9,09;BAJO
2024-12-09;23:33:00;CUENCA;CUENCA;URBANA;-2,897433;-79,003791;AV HURTADO DE MENDOZA Y FASAYÑAN;ESTRELLAMIENTOS;CONDUCIR DESATENTO A LAS CONDICIONES DE TRÁNSITO (CELULAR, PANTALLAS DE VIDEO, COMIDA, MAQUILLAJE O CUALQUIER OTRO ELEMENTO DISTRACTOR).;AUTOMÓVIL;0;0;NO;2024;12;9;0;LUNES;23,55;23;NOCHE;-0,25881904510252157;0,9659258262890681;0,0;1,0;0;2;18,18;BAJO
2024-12-10;19:56:00;CUENCA;RICAURTE (CUENCA);RURAL;-2,864029;-78,96467;VIA A LLACAO;ROZAMIENTOS;NO GUARDAR LA DISTANCIA LATERAL MÍNIMA DE SEGURIDAD ENTRE VEHÍCULOS.;AUTOMÓVIL;4;0;NO;2024;12;10;1;MARTES;19,933333333333334;19;NOCHE;-0,9659258262890684;0,2588190451025203;0,7818314824680298;0,6234898018587336;4;1;9,09;BAJO
2024-12-10;20:22:00;CUENCA;CUENCA;URBANA;-2,897433;-79,003791;FRANCISCO DE ORELLANA Y AV DON BOSCO;ESTRELLAMIENTOS;CONDUCE BAJO LA INFLUENCIA DE ALCOHOL, SUSTANCIAS ESTUPEFACIENTES O PSICOTRÓPICAS Y/O MEDICAMENTOS.;VEHÍCULO DEPORTIVO UTILITARIO;3;0;NO;2024;12;10;1;MARTES;20,366666666666667;20;NOCHE;-0,8660254037844386;0,5000000000000001;0,7818314824680298;0,6234898018587336;3;5;45,45;MEDIO
2024-12-11;08:07:00;CUENCA;CUENCA;URBANA;-2,897433;-79,003791;GENERAL TORRES Y ANTONIO VEGA MUÑOZ;ATROPELLOS;NO CEDER EL DERECHO DE VÍA O PREFERENCIA DE PASO AL PEATÓN.;CAMIÓN;1;0;NO;2024;12;11;2;MIERCOLES;8,116666666666667;8;MANANA;0,8660254037844387;-0,4999999999999998;0,9749279121818236;-0,22252093395631434;1;2;18,18;BAJO
2024-12-11;13:43:00;CUENCA;CUENCA;URBANA;-2,897433;-79,003791;AV 24 DE MAYO Y PASEO RIO YANUNCAY;ATROPELLOS;NO CEDER EL DERECHO DE VÍA O PREFERENCIA DE PASO AL PEATÓN.;VEHÍCULO DEPORTIVO UTILITARIO;1;0;NO;2024;12;11;2;MIERCOLES;13,716666666666667;13;TARDE;-0,2588190451025208;-0,9659258262890683;0,9749279121818236;-0,22252093395631434;1;3;27,27;BAJO
2024-12-11;19:35:00;CUENCA;CUENCA;URBANA;-2,897433;-79,003791;AV. 24 DE MAYO Y MAX UHLE;CHOQUE POSTERIOR;NO MANTENER LA DISTANCIA PRUDENCIAL CON RESPECTO AL VEHÍCULO QUE LE ANTECEDE.;VEHÍCULO DEPORTIVO UTILITARIO;1;0;NO;2024;12;11;2;MIERCOLES;19,583333333333332;19;NOCHE;-0,9659258262890684;0,2588190451025203;0,9749279121818236;-0,22252093395631434;1;2;18,18;BAJO
2024-12-12;00:35:00;CUENCA;CUENCA;URBANA;-2,897433;-79,003791;PASEO DE LOS  CAÑARIS Y GONZALES SUAREZ;CHOQUE LATERAL;NO CEDER EL DERECHO DE VÍA O PREFERENCIA DE PASO A VEHÍCULOS.;MOTOCICLETA;2;0;NO;2024;12;12;3;JUEVES;0,5833333333333334;0;MADRUGADA;0,0;1,0;0,43388373911755823;-0,900968867902419;2;3;27,27;BAJO
2024-12-12;07:44:00;CUENCA;CUENCA;URBANA;-2,897433;-79,003791;RED ESTATAL E35 Y VIA A ZOOLIGICO AMARU;ROZAMIENTOS;NO GUARDAR LA DISTANCIA LATERAL MÍNIMA DE SEGURIDAD ENTRE VEHÍCULOS.;CAMIONETA;0;0;NO;2024;12;12;3;JUEVES;7,733333333333333;7;MANANA;0,9659258262890683;-0,25881904510252063;0,43388373911755823;-0,900968867902419;0;3;27,27;BAJO
2024-12-12;12:32:00;CUENCA;CUENCA;URBANA;-2,897433;-79,003791;AVENIDA ISABEL LA CATOLICA Y AVENIDA 12 DE OCTUBRE;ATROPELLOS;NO TRANSITAR POR LAS ACERAS O ZONAS DE SEGURIDAD DESTINADAS PARA EL EFECTO.;NO IDENTIFICADO;1;0;NO;2024;12;12;3;JUEVES;12,533333333333333;12;TARDE;1,2246467991473532e-16;-1,0;0,43388373911755823;-0,900968867902419;1;5;45,45;MEDIO
2024-12-12;12:58:00;CUENCA;CUENCA;URBANA;-2,897433;-79,003791;RED ESTATAL E35 KM698 AZOGUEZ-CUENCA Y AV DE LAS AMERICAS;CHOQUE POSTERIOR;NO MANTENER LA DISTANCIA PRUDENCIAL CON RESPECTO AL VEHÍCULO QUE LE ANTECEDE.;VEHÍCULO DEPORTIVO UTILITARIO;0;0;NO;2024;12;12;3;JUEVES;12,966666666666667;12;TARDE;1,2246467991473532e-16;-1,0;0,43388373911755823;-0,900968867902419;0;5;45,45;MEDIO
2024-12-13;07:49:00;CUENCA;CUENCA;URBANA;-2,897433;-79,003791;PASAJE 12 DE OCTUBRE Y 12 DE OCTUBRE;ESTRELLAMIENTOS;CONDUCIR DESATENTO A LAS CONDICIONES DE TRÁNSITO (CELULAR, PANTALLAS DE VIDEO, COMIDA, MAQUILLAJE O CUALQUIER OTRO ELEMENTO DISTRACTOR).;NO IDENTIFICADO;0;0;NO;2024;12;13;4;VIERNES;7,816666666666666;7;MANANA;0,9659258262890683;-0,25881904510252063;-0,433883739117558;-0,9009688679024191;0;2;18,18;BAJO
2024-12-13;12:58:00;CUENCA;SAN JOAQUIN;RURAL;-2,895818;-79,0570675;CARLOS ARIZAGA VEGA Y PADRE FERNANDO VEGA;ARROLLAMIENTOS;NO TRANSITAR POR LAS ACERAS O ZONAS DE SEGURIDAD DESTINADAS PARA EL EFECTO.;CAMIONETA;0;1;NO;2024;12;13;4;VIERNES;12,966666666666667;12;TARDE;1,2246467991473532e-16;-1,0;-0,433883739117558;-0,9009688679024191;1;1;9,09;BAJO
2024-12-13;18:24:00;CUENCA;CUENCA;URBANA;-2,897433;-79,003791;LEOPOLDO DAVILA CORDOVA Y AV DE LAS AMERICAS;ROZAMIENTOS;NO GUARDAR LA DISTANCIA LATERAL MÍNIMA DE SEGURIDAD ENTRE VEHÍCULOS.;VEHÍCULO DEPORTIVO UTILITARIO;0;0;NO;2024;12;13;4;VIERNES;18,4;18;NOCHE;-1,0;-1,8369701987210297e-16;-0,433883739117558;-0,9009688679024191;0;6;54,55;MEDIO
2024-12-13;19:52:00;CUENCA;RICAURTE (CUENCA);RURAL;-2,864029;-78,96467;SN  Y FRANCISCO ÑAUTA A 200 METROS DE LA IGLESIA BARRIO LA ASUNCION;ROZAMIENTOS;CONDUCE BAJO LA INFLUENCIA DE ALCOHOL, SUSTANCIAS ESTUPEFACIENTES O PSICOTRÓPICAS Y/O MEDICAMENTOS.;AUTOMÓVIL;0;0;NO;2024;12;13;4;VIERNES;19,866666666666667;19;NOCHE;-0,9659258262890684;0,2588190451025203;-0,433883739117558;-0,9009688679024191;0;1;9,09;BAJO
2024-12-13;21:50:00;CUENCA;CUENCA;URBANA;-2,897433;-79,003791;CAMINO DEL TEJAR Y CAMINO DE LAS PENCAS;ATROPELLOS;NO CEDER EL DERECHO DE VÍA O PREFERENCIA DE PASO AL PEATÓN.;VEHÍCULO DEPORTIVO UTILITARIO;1;0;NO;2024;12;13;4;VIERNES;21,833333333333332;21;NOCHE;-0,7071067811865477;0,7071067811865474;-0,433883739117558;-0,9009688679024191;1;6;54,55;MEDIO
2024-12-13;21:58:00;CUENCA;CUENCA;URBANA;-2,897433;-79,003791;AV DE LAS AMERICAS Y LUIS CORDERO;CHOQUE LATERAL;CONDUCE BAJO LA INFLUENCIA DE ALCOHOL, SUSTANCIAS ESTUPEFACIENTES O PSICOTRÓPICAS Y/O MEDICAMENTOS.;CAMIONETA;1;0;NO;2024;12;13;4;VIERNES;21,966666666666665;21;NOCHE;-0,7071067811865477;0,7071067811865474;-0,433883739117558;-0,9009688679024191;1;6;54,55;MEDIO
2024-12-14;19:03:00;CUENCA;CUENCA;URBANA;-2,897433;-79,003791;AV. REMIGIO CRESPO TORAL Y AV LOJA;CHOQUE LATERAL;DISPOSITIVO REGULADOR DE TRÁNSITO EN MAL ESTADO DE FUNCIONAMIENTO (SEMÁFORO).;AUTOMÓVIL;0;0;NO;2024;12;14;5;SABADO;19,05;19;NOCHE;-0,9659258262890684;0,2588190451025203;-0,9749279121818236;-0,2225209339563146;0;6;54,55;MEDIO
2024-12-15;13:11:00;CUENCA;CUENCA;URBANA;-2,897433;-79,003791;TARQUI Y GASPAR SANGURIMA;ATROPELLOS;DISPOSITIVO REGULADOR DE TRÁNSITO EN MAL ESTADO DE FUNCIONAMIENTO (SEMÁFORO).;MOTOCICLETA;1;0;NO;2024;12;15;6;DOMINGO;13,183333333333334;13;TARDE;-0,2588190451025208;-0,9659258262890683;-0,7818314824680299;0,6234898018587334;1;3;27,27;BAJO
2024-12-15;21:35:00;CUENCA;CUENCA;URBANA;-2,897433;-79,003791;AVENIDA GONZALEZ SUÁREZ Y BEN HURT;ATROPELLOS;CONDUCIR DESATENTO A LAS CONDICIONES DE TRÁNSITO (CELULAR, PANTALLAS DE VIDEO, COMIDA, MAQUILLAJE O CUALQUIER OTRO ELEMENTO DISTRACTOR).;MOTOCICLETA;0;1;NO;2024;12;15;6;DOMINGO;21,583333333333332;21;NOCHE;-0,7071067811865477;0,7071067811865474;-0,7818314824680299;0,6234898018587334;1;2;18,18;BAJO
2024-12-16;12:58:00;CUENCA;SAN JOAQUIN;RURAL;-2,895818;-79,0570675;VIA A BARABON;ATROPELLOS;NO TRANSITAR POR LAS ACERAS O ZONAS DE SEGURIDAD DESTINADAS PARA EL EFECTO.;NO IDENTIFICADO;1;0;NO;2024;12;16;0;LUNES;12,966666666666667;12;TARDE;1,2246467991473532e-16;-1,0;0,0;1,0;1;1;9,09;BAJO
2024-12-16;13:25:00;CUENCA;CUENCA;URBANA;-2,897433;-79,003791;AVENIDA ESPAÑA Y PASEO MILCHICHIG;CHOQUE POSTERIOR;NO MANTENER LA DISTANCIA PRUDENCIAL CON RESPECTO AL VEHÍCULO QUE LE ANTECEDE.;VEHÍCULO DEPORTIVO UTILITARIO;0;0;NO;2024;12;16;0;LUNES;13,416666666666666;13;TARDE;-0,2588190451025208;-0,9659258262890683;0,0;1,0;0;5;45,45;MEDIO
2024-12-16;14:57:00;CUENCA;TURI;RURAL;-2,928684;-79,022944;VIA A TARQUI-GULLANZHPA-TURI;ATROPELLOS;NO TRANSITAR POR LAS ACERAS O ZONAS DE SEGURIDAD DESTINADAS PARA EL EFECTO.;CAMIONETA;0;1;NO;2024;12;16;0;LUNES;14,95;14;TARDE;-0,4999999999999997;-0,8660254037844388;0,0;1,0;1;1;9,09;BAJO
2024-12-16;17:50:00;CUENCA;CUENCA;URBANA;-2,897433;-79,003791;AV DOCE DE ABRIL Y AV LOJA;CHOQUE POSTERIOR;NO MANTENER LA DISTANCIA PRUDENCIAL CON RESPECTO AL VEHÍCULO QUE LE ANTECEDE.;CAMIONETA;0;0;NO;2024;12;16;0;LUNES;17,833333333333332;17;TARDE;-0,9659258262890683;-0,25881904510252063;0,0;1,0;0;5;45,45;MEDIO
2024-12-16;19:57:00;CUENCA;PACCHA (CUENCA);RURAL;-2,894429;-78,9397315;VIA A PACCHA;CHOQUE LATERAL;REALIZAR CAMBIO BRUSCO O INDEBIDO DE CARRIL.;AUTOMÓVIL;0;0;NO;2024;12;16;0;LUNES;19,95;19;NOCHE;-0,9659258262890684;0,2588190451025203;0,0;1,0;0;1;9,09;BAJO
2024-12-16;21:16:00;CUENCA;CUENCA;URBANA;-2,897433;-79,003791;AVENIDA DEL CHOFER Y DEL CAMPANARIO;CHOQUE LATERAL;NO CEDER EL DERECHO DE VÍA O PREFERENCIA DE PASO A VEHÍCULOS.;SCOOTER ELÉCTRICO;1;0;NO;2024;12;16;0;LUNES;21,266666666666666;21;NOCHE;-0,7071067811865477;0,7071067811865474;0,0;1,0;1;2;18,18;BAJO
2024-12-17;00:42:00;CUENCA;CUENCA;URBANA;-2,897433;-79,003791;AV DE LAS AMERICAS Y RICARDO DURAN;CHOQUE LATERAL;NO RESPETAR LAS SEÑALES REGLAMENTARIAS DE TRÁNSITO. (PARE, CEDA EL PASO, LUZ ROJA DEL SEMAFORO, ETC).;VEHÍCULO DEPORTIVO UTILITARIO;0;0;NO;2024;12;17;1;MARTES;0,7;0;MADRUGADA;0,0;1,0;0,7818314824680298;0,6234898018587336;0;1;9,09;BAJO
2024-12-18;07:19:00;CUENCA;SININCAY;RURAL;-2,859608;-79,012803;VIA A LAZARETO;PÉRDIDA DE CARRIL;CONDUCIR DESATENTO A LAS CONDICIONES DE TRÁNSITO (CELULAR, PANTALLAS DE VIDEO, COMIDA, MAQUILLAJE O CUALQUIER OTRO ELEMENTO DISTRACTOR).;AUTOMÓVIL;1;0;NO;2024;12;18;2;MIERCOLES;7,316666666666666;7;MANANA;0,9659258262890683;-0,25881904510252063;0,9749279121818236;-0,22252093395631434;1;1;9,09;BAJO
2024-12-18;09:45:00;CUENCA;RICAURTE (CUENCA);RURAL;-2,864029;-78,96467;AV. ANTONIO RICAURTE Y VICENTE PACHECO;ATROPELLOS;NO TRANSITAR POR LAS ACERAS O ZONAS DE SEGURIDAD DESTINADAS PARA EL EFECTO.;VEHÍCULO DEPORTIVO UTILITARIO;2;0;NO;2024;12;18;2;MIERCOLES;9,75;9;MANANA;0,7071067811865476;-0,7071067811865475;0,9749279121818236;-0,22252093395631434;2;1;9,09;BAJO
2024-12-18;16:31:00;CUENCA;VALLE;RURAL;-2,807528;-79,676444;VIA AL VALLE;CHOQUE LATERAL;CONDUCE BAJO LA INFLUENCIA DE ALCOHOL, SUSTANCIAS ESTUPEFACIENTES O PSICOTRÓPICAS Y/O MEDICAMENTOS.;AUTOMÓVIL;1;0;NO;2024;12;18;2;MIERCOLES;16,516666666666666;16;TARDE;-0,8660254037844385;-0,5000000000000004;0,9749279121818236;-0,22252093395631434;1;1;9,09;BAJO
2024-12-19;19:06:00;CUENCA;CUENCA;URBANA;-2,897433;-79,003791;AV PASEO DE LOS CAÑARIS Y CALICUCHIMA;ATROPELLOS;NO TRANSITAR POR LAS ACERAS O ZONAS DE SEGURIDAD DESTINADAS PARA EL EFECTO.;NO IDENTIFICADO;1;0;NO;2024;12;19;3;JUEVES;19,1;19;NOCHE;-0,9659258262890684;0,2588190451025203;0,43388373911755823;-0,900968867902419;1;5;45,45;MEDIO
2024-12-19;19:40:00;CUENCA;RICAURTE (CUENCA);RURAL;-2,864029;-78,96467;AVENIDA 25 DE MARZO Y VIA A SAN MIGUEL;CHOQUE LATERAL;NO RESPETAR LAS SEÑALES REGLAMENTARIAS DE TRÁNSITO. (PARE, CEDA EL PASO, LUZ ROJA DEL SEMAFORO, ETC).;MOTOCICLETA;2;0;NO;2024;12;19;3;JUEVES;19,666666666666668;19;NOCHE;-0,9659258262890684;0,2588190451025203;0,43388373911755823;-0,900968867902419;2;1;9,09;BAJO
2024-12-21;03:04:00;CUENCA;PACCHA (CUENCA);RURAL;-2,894429;-78,9397315;VIA A PACCHA;ESTRELLAMIENTOS;CONDUCE BAJO LA INFLUENCIA DE ALCOHOL, SUSTANCIAS ESTUPEFACIENTES O PSICOTRÓPICAS Y/O MEDICAMENTOS.;VEHÍCULO DEPORTIVO UTILITARIO;1;0;NO;2024;12;21;5;SABADO;3,066666666666667;3;MADRUGADA;0,7071067811865476;0,7071067811865476;-0,9749279121818236;-0,2225209339563146;1;1;9,09;BAJO
2024-12-21;05:52:00;CUENCA;CUENCA;URBANA;-2,897433;-79,003791;ERNESTO LOPEZ Y AGUSTIN CUEVA;CHOQUE POSTERIOR;NO MANTENER LA DISTANCIA PRUDENCIAL CON RESPECTO AL VEHÍCULO QUE LE ANTECEDE.;AUTOMÓVIL;0;0;NO;2024;12;21;5;SABADO;5,866666666666667;5;MADRUGADA;0,9659258262890683;0,25881904510252074;-0,9749279121818236;-0,2225209339563146;0;4;36,36;BAJO
2024-12-21;17:22:00;CUENCA;CUENCA;URBANA;-2,897433;-79,003791;RAFAEL MARIA ARIZAGA Y MANUEL VEGA;ARROLLAMIENTOS;NO CEDER EL DERECHO DE VÍA O PREFERENCIA DE PASO AL PEATÓN.;NO IDENTIFICADO;1;0;NO;2024;12;21;5;SABADO;17,366666666666667;17;TARDE;-0,9659258262890683;-0,25881904510252063;-0,9749279121818236;-0,2225209339563146;1;5;45,45;MEDIO
2024-12-22;03:06:00;CUENCA;CUENCA;URBANA;-2,897433;-79,003791;RED ESTATAL E35 KM702 AZOGUES-CUENCA Y ENTRADA VIA  AL VALLE;ROZAMIENTOS;NO GUARDAR LA DISTANCIA LATERAL MÍNIMA DE SEGURIDAD ENTRE VEHÍCULOS.;MOTOCICLETA;1;0;NO;2024;12;22;6;DOMINGO;3,1;3;MADRUGADA;0,7071067811865476;0,7071067811865476;-0,7818314824680299;0,6234898018587334;1;4;36,36;BAJO
2024-12-22;05:46:00;CUENCA;CUENCA;URBANA;-2,897433;-79,003791;AV ABELARDO J ANDRADE Y DE LA ESPADAÑA;ESTRELLAMIENTOS;CONDUCIR DESATENTO A LAS CONDICIONES DE TRÁNSITO (CELULAR, PANTALLAS DE VIDEO, COMIDA, MAQUILLAJE O CUALQUIER OTRO ELEMENTO DISTRACTOR).;VEHÍCULO DEPORTIVO UTILITARIO;0;0;NO;2024;12;22;6;DOMINGO;5,766666666666667;5;MADRUGADA;0,9659258262890683;0,25881904510252074;-0,7818314824680299;0,6234898018587334;0;4;36,36;BAJO
2024-12-22;23:43:00;CUENCA;CUENCA;URBANA;-2,897433;-79,003791;AV HURTADO DE MENDOZA  Y PASEO DE LOS CAÑARIS;CHOQUE LATERAL;CONDUCE BAJO LA INFLUENCIA DE ALCOHOL, SUSTANCIAS ESTUPEFACIENTES O PSICOTRÓPICAS Y/O MEDICAMENTOS.;MOTOCICLETA;2;0;NO;2024;12;22;6;DOMINGO;23,716666666666665;23;NOCHE;-0,25881904510252157;0,9659258262890681;-0,7818314824680299;0,6234898018587334;2;2;18,18;BAJO
2024-12-26;06:11:00;CUENCA;CUENCA;URBANA;-2,897433;-79,003791;PANAMERICANA NORTE Y MARIA POLO;PÉRDIDA DE CARRIL;CONDUCE BAJO LA INFLUENCIA DE ALCOHOL, SUSTANCIAS ESTUPEFACIENTES O PSICOTRÓPICAS Y/O MEDICAMENTOS.;AUTOMÓVIL;3;0;NO;2024;12;26;3;JUEVES;6,183333333333334;6;MANANA;1,0;6,123233995736766e-17;0,43388373911755823;-0,900968867902419;3;3;27,27;BAJO
2024-12-26;08:02:00;CUENCA;CUENCA;URBANA;-2,897433;-79,003791;HURTADO DE MENDOZA Y ANTISANA;CHOQUE LATERAL;NO MANTENER LA DISTANCIA PRUDENCIAL CON RESPECTO AL VEHÍCULO QUE LE ANTECEDE.;VEHÍCULO DEPORTIVO UTILITARIO;1;0;NO;2024;12;26;3;JUEVES;8,033333333333333;8;MANANA;0,8660254037844387;-0,4999999999999998;0,43388373911755823;-0,900968867902419;1;3;27,27;BAJO
2024-12-26;15:46:00;CUENCA;CUENCA;URBANA;-2,897433;-79,003791;RED ESTATAL E35 KM 704 Y HERNAN MALO;PÉRDIDA DE CARRIL;CONDUCE BAJO LA INFLUENCIA DE ALCOHOL, SUSTANCIAS ESTUPEFACIENTES O PSICOTRÓPICAS Y/O MEDICAMENTOS.;VEHÍCULO DEPORTIVO UTILITARIO;0;3;NO;2024;12;26;3;JUEVES;15,766666666666667;15;TARDE;-0,7071067811865471;-0,7071067811865479;0,43388373911755823;-0,900968867902419;3;5;45,45;MEDIO
2024-12-26;22:24:00;CUENCA;TURI;URBANA;-2,928684;-79,022944;RED ESTATAL E35 KM 708 Y ALFONSO PINZON;ROZAMIENTOS;CONDUCE BAJO LA INFLUENCIA DE ALCOHOL, SUSTANCIAS ESTUPEFACIENTES O PSICOTRÓPICAS Y/O MEDICAMENTOS.;AUTOMÓVIL;0;0;NO;2024;12;26;3;JUEVES;22,4;22;NOCHE;-0,5000000000000004;0,8660254037844384;0,43388373911755823;-0,900968867902419;0;1;9,09;BAJO
2024-12-31;18:41:00;CUENCA;CUENCA;URBANA;-2,897433;-79,003791;DE LOS ADOBES Y CHIRIMOYA;ESTRELLAMIENTOS;CASO FORTUITO O FUERZA MAYOR (EXPLOSIÓN DE NEUMÁTICO NUEVO, DERRUMBE, INUNDACIÓN, CAÍDA DE PUENTE, ÁRBOL, PRESENCIA INTEMPESTIVA E IMPREVISTA DE SEMOVIENTES EN LA VÍA, ETC.).;NO IDENTIFICADO;1;0;SI;2024;12;31;1;MARTES;18,683333333333334;18;NOCHE;-1,0;-1,8369701987210297e-16;0,7818314824680298;0,6234898018587336;1;2;18,18;BAJO
2024-12-31;18:53:00;CUENCA;CUENCA;URBANA;-2,897433;-79,003791;RED ESTATAL E35 KM 11.5 Y SN;CHOQUE POSTERIOR;PRESENCIA DE AGENTES EXTERNOS EN LA VÍA (AGUA, ACEITE, PIEDRA, LASTRE, ESCOMBROS, MADEROS, ETC.).;NO IDENTIFICADO;1;0;SI;2024;12;31;1;MARTES;18,883333333333333;18;NOCHE;-1,0;-1,8369701987210297e-16;0,7818314824680298;0,6234898018587336;1;2;18,18;BAJO
2024-12-03;10:50:00;CUENCA;MOLLETURO;RURAL;-2,789819;-79,360078;SE ENCUENTRA UBICADA EN LA  RED VIAL E-582 SENTIDO CUENCA  -  MOLLETURO  AL LLEGAR AL KM 57+260 APROXIMADAMENTE;PÉRDIDA DE CARRIL;CONDUCIR DESATENTO A LAS CONDICIONES DE TRÁNSITO (CELULAR, PANTALLAS DE VIDEO, COMIDA, MAQUILLAJE O CUALQUIER OTRO ELEMENTO DISTRACTOR).;CAMIÓN;0;0;NO;2024;12;3;1;MARTES;10,833333333333334;10;MANANA;0,49999999999999994;-0,8660254037844387;0,7818314824680298;0,6234898018587336;0;2;18,18;BAJO
2024-12-05;08:42:00;CUENCA;BAÑOS (CUENCA);RURAL;-2,9585;-79,048611;RED VIAL E 59 KM 3+980;PÉRDIDA DE CARRIL;CONDUCIR DESATENTO A LAS CONDICIONES DE TRÁNSITO (CELULAR, PANTALLAS DE VIDEO, COMIDA, MAQUILLAJE O CUALQUIER OTRO ELEMENTO DISTRACTOR).;CAMIONETA;0;0;NO;2024;12;5;3;JUEVES;8,7;8;MANANA;0,8660254037844387;-0,4999999999999998;0,43388373911755823;-0,900968867902419;0;1;9,09;BAJO
2024-12-05;15:45:00;CUENCA;SAYAUSI;RURAL;-2,873472;-79,075556;RED VIAL E 582 KM 6+450 APROX.;ATROPELLOS;CONDUCIR DESATENTO A LAS CONDICIONES DE TRÁNSITO (CELULAR, PANTALLAS DE VIDEO, COMIDA, MAQUILLAJE O CUALQUIER OTRO ELEMENTO DISTRACTOR).;CAMIÓN;1;0;NO;2024;12;5;3;JUEVES;15,75;15;TARDE;-0,7071067811865471;-0,7071067811865479;0,43388373911755823;-0,900968867902419;1;1;9,09;BAJO
2024-12-07;12:00:00;CUENCA;MOLLETURO;RURAL;-2,774111;-79,385667;RED VIAL E 582 KM 61;PÉRDIDA DE CARRIL;CONDUCIR DESATENTO A LAS CONDICIONES DE TRÁNSITO (CELULAR, PANTALLAS DE VIDEO, COMIDA, MAQUILLAJE O CUALQUIER OTRO ELEMENTO DISTRACTOR).;CAMIÓN;0;0;NO;2024;12;7;5;SABADO;12,0;12;TARDE;1,2246467991473532e-16;-1,0;-0,9749279121818236;-0,2225209339563146;0;1;9,09;BAJO
2024-12-08;10:35:00;CUENCA;TARQUI (CUENCA);RURAL;-2,987361;-79,046889;RED VIAL E59 KM 7+500;COLISIÓN;NO MANTENER LA DISTANCIA PRUDENCIAL CON RESPECTO AL VEHÍCULO QUE LE ANTECEDE.;NO IDENTIFICADO;0;0;NO;2024;12;8;6;DOMINGO;10,583333333333334;10;MANANA;0,49999999999999994;-0,8660254037844387;-0,7818314824680299;0,6234898018587334;0;2;18,18;BAJO