FECHA;HORA;CANTON;PARROQUIA;ZONA;LATITUD_Y;LONGITUD_X;DIRECCION;TIPO_DE_SINIESTRO;CAUSA_PROBABLE;TIPO_DE_VEHICULO_1;LESIONADOS;FALLECIDOS;FERIADO;ANIO;MES;DIA;DIA_SEMANA;NOMBRE_DIA;HORA_DECIMAL;HORA_NUM;RANGO_HORARIO;HORA_SIN;HORA_COS;DIA_SIN;DIA_COS;TOTAL_VICTIMAS;NUM_ACCIDENTES;RIESGO_PORCENTAJE;NIVEL_RIESGO
2025-10-11;15:30:00;CUENCA;CUMBE;RURAL;-3,043889;-79,044444;SE ENCUENTRA UBICADO EN LA RED VIAL E-35 SENTIDO GIRON  -  CUENCA  COMO REFERENCIA INTERIOR DEL REDONDEL DE CUMBE;CHOQUE LATERAL;NO RESPETAR LAS SEÑALES REGLAMENTARIAS DE TRÁNSITO. (PARE, CEDA EL PASO, LUZ ROJA DEL SEMAFORO, ETC).;AUTOMÓVIL;0;0;SI;2025;10;11;5;SABADO;15,5;15;TARDE;-0,7071067811865471;-0,7071067811865479;-0,9749279121818236;-0,2225209339563146;0;1;9,09;BAJO
2025-10-13;06:30:00;CUENCA;SAYAUSI;RURAL;-2,8575;-79,094139;RED VIAL E 582 KM 2+300;ESTRELLAMIENTOS;CONDUCIR DESATENTO A LAS CONDICIONES DE TRÁNSITO (CELULAR, PANTALLAS DE VIDEO, COMIDA, MAQUILLAJE O CUALQUIER OTRO ELEMENTO DISTRACTOR).;AUTOMÓVIL;1;0;NO;2025;10;13;0;LUNES;6,5;6;MANANA;1,0;6,123233995736766e-17;0,0;1,0;1;1;9,09;BAJO
2025-10-19;14:45:00;CUENCA;TARQUI (CUENCA);RURAL;-2,997778;-79,046389;SE ENCUENTRA UBICADO EN LA RED VIAL E-59 SENTIDO CUENCA  -   TARQUI AL LLEGAR AL KM 7+800 APROXIMADAMENTE FRENTE COMEDOR RANCHO ALEGRE;CHOQUE LATERAL;NO RESPETAR LAS SEÑALES REGLAMENTARIAS DE TRÁNSITO. (PARE, CEDA EL PASO, LUZ ROJA DEL SEMAFORO, ETC).;AUTOMÓVIL;1;0;NO;2025;10;19;6;DOMINGO;14,75;14;TARDE;-0,4999999999999997;-0,8660254037844388;-0,7818314824680299;0,6234898018587334;1;1;9,09;BAJO
2025-10-24;18:20:00;CUENCA;SAYAUSI;RURAL;-2,787806;-79,199944;RED VIAL E 582 KM 29;PÉRDIDA DE CARRIL;CONDUCIR DESATENTO A LAS CONDICIONES DE TRÁNSITO (CELULAR, PANTALLAS DE VIDEO, COMIDA, MAQUILLAJE O CUALQUIER OTRO ELEMENTO DISTRACTOR).;CAMIÓN;0;0;NO;2025;10;24;4;VIERNES;18,333333333333332;18;NOCHE;-1,0;-1,8369701987210297e-16;-0,433883739117558;-0,9009688679024191;0;1;9,09;BAJO
2025-10-26;11:45:00;CUENCA;VICTORIA DEL PORTETE;RURAL;-3,098472;-79,098;RED VIAL E 59 KM 22+600 APROX.;CHOQUE LATERAL;NO RESPETAR LAS SEÑALES REGLAMENTARIAS DE TRÁNSITO. (PARE, CEDA EL PASO, LUZ ROJA DEL SEMAFORO, ETC).;CAMIONETA;0;0;NO;2025;10;26;6;DOMINGO;11,75;11;MANANA;0,258819045102521;-0,9659258262890682;-0,7818314824680299;0,6234898018587334;0;1;9,09;BAJO
2025-10-28;10:55:00;CUENCA;TARQUI (CUENCA);RURAL;-2,997917;-79,046194;RED VIAL E 35 KM 8+550 APROX;CHOQUE LATERAL;NO RESPETAR LAS SEÑALES REGLAMENTARIAS DE TRÁNSITO. (PARE, CEDA EL PASO, LUZ ROJA DEL SEMAFORO, ETC).;AUTOMÓVIL;0;0;NO;2025;10;28;1;MARTES;10,916666666666666;10;MANANA;0,49999999999999994;-0,8660254037844387;0,7818314824680298;0,6234898018587336;0;1;9,09;BAJO
2025-10-29;14:21:00;CUENCA;MOLLETURO;RURAL;-2,80875;-79,321833;RED VIAL E 582 KM 49+220 APROX.;ROZAMIENTOS;NO GUARDAR LA DISTANCIA LATERAL MÍNIMA DE SEGURIDAD ENTRE VEHÍCULOS.;CAMIONETA;0;0;NO;2025;10;29;2;MIERCOLES;14,35;14;TARDE;-0,4999999999999997;-0,8660254037844388;0,9749279121818236;-0,22252093395631434;0;1;9,09;BAJO
2025-10-31;09:37:00;CUENCA;TARQUI (CUENCA);RURAL;-3,021938;-79,039472;SE ENCUENTRA UBICADO EN LA RED VIAL E-59 SENTIDO CUMBE ¿ T DE TARQUI     AL LLEGAR AL KM 11+400 APROXIMADAMENTE REFERENCIA BARRIO SANTA TERESITA Y POSTE N°420790 DE CENTRO SUR.;ATROPELLOS;CONDUCIR DESATENTO A LAS CONDICIONES DE TRÁNSITO (CELULAR, PANTALLAS DE VIDEO, COMIDA, MAQUILLAJE O CUALQUIER OTRO ELEMENTO DISTRACTOR).;CAMIÓN;1;0;SI;2025;10;31;4;VIERNES;9,616666666666667;9;MANANA;0,7071067811865476;-0,7071067811865475;-0,433883739117558;-0,9009688679024191;1;2;18,18;BAJO
2025-11-01;11:33:00;CUENCA;CUMBE;RURAL;-3,06297222;-79,03241667;RED VIAL E 35 KM 2+ 540 APROX.;CHOQUE LATERAL;NO RESPETAR LAS SEÑALES REGLAMENTARIAS DE TRÁNSITO. (PARE, CEDA EL PASO, LUZ ROJA DEL SEMAFORO, ETC).;AUTOMÓVIL;0;0;SI;2025;11;1;5;SABADO;11,55;11;MANANA;0,258819045102521;-0,9659258262890682;-0,9749279121818236;-0,2225209339563146;0;1;9,09;BAJO
2025-11-02;14:05:00;CUENCA;SAYAUSI;RURAL;-2,78951577;-79,21191708;SE ENCUENTRA UBICADO EN LA RED VIAL E-582 SENTIDO MOLLETURO  - CUENCA AL LLEGAR AL KM 31+500 APROXIMADAMENTE;PÉRDIDA DE CARRIL;CONDUCIR DESATENTO A LAS CONDICIONES DE TRÁNSITO (CELULAR, PANTALLAS DE VIDEO, COMIDA, MAQUILLAJE O CUALQUIER OTRO ELEMENTO DISTRACTOR).;AUTOMÓVIL;0;0;SI;2025;11;2;6;DOMINGO;14,083333333333334;14;TARDE;-0,4999999999999997;-0,8660254037844388;-0,7818314824680299;0,6234898018587334;0;1;9,09;BAJO
2025-11-04;22:40:00;CUENCA;BAÑOS (CUENCA);RURAL;-2,95794097;-79,04922161;SE ENCUENTRA UBICADO EN LA RED VIAL E-59 SENTIDO TARQUI  -  CUENCA   AL LLEGAR AL KM 4+500 APROXIMADAMENTE REFERENCIA A 200 METROS ANTES DEL INGRESO A ZHUCAY;PÉRDIDA DE CARRIL;CONDUCIR DESATENTO A LAS CONDICIONES DE TRÁNSITO (CELULAR, PANTALLAS DE VIDEO, COMIDA, MAQUILLAJE O CUALQUIER OTRO ELEMENTO DISTRACTOR).;AUTOMÓVIL;3;0;SI;2025;11;4;1;MARTES;22,666666666666668;22;NOCHE;-0,5000000000000004;0,8660254037844384;0,7818314824680298;0,6234898018587336;3;1;9,09;BAJO
2025-11-07;22:45:00;CUENCA;BAÑOS (CUENCA);RURAL;-2,95249243;-79,04857464;SE ENCUENTRA UBICADO EN LA RED VIAL E-59 SENTIDO CUENCA  -  T DE TARQUI AL LLEGAR AL KM 3+200 APROXIMADAMENTE REFERENCIA A 150 METROS ANTES DEL INGRESO A ZHUCAY.;PÉRDIDA DE CARRIL;CONDUCIR DESATENTO A LAS CONDICIONES DE TRÁNSITO (CELULAR, PANTALLAS DE VIDEO, COMIDA, MAQUILLAJE O CUALQUIER OTRO ELEMENTO DISTRACTOR).;AUTOMÓVIL;0;0;NO;2025;11;7;4;VIERNES;22,75;22;NOCHE;-0,5000000000000004;0,8660254037844384;-0,433883739117558;-0,9009688679024191;0;1;9,09;BAJO
2025-11-08;02:35:00;CUENCA;MOLLETURO;RURAL;-2,79190616;-79,35956252;SE ENCUENTRA UBICADO EN LA RED VIAL E-582 SENTIDO CUENCA ¿ MOLLETURO AL LLEGAR AL KM 52+460 APROXIMADAMENTE REFERENCIA SECTOR NIPALAI DIAGONAL AL POSTE N°681200 DE CENTRO SUR.;CHOQUE POSTERIOR;NO MANTENER LA DISTANCIA PRUDENCIAL CON RESPECTO AL VEHÍCULO QUE LE ANTECEDE.;CAMIÓN;1;0;NO;2025;11;8;5;SABADO;2,5833333333333335;2;MADRUGADA;0,49999999999999994;0,8660254037844387;-0,9749279121818236;-0,2225209339563146;1;2;18,18;BAJO
2025-11-12;16:20:00;CUENCA;TARQUI (CUENCA);RURAL;-2,98672222;-79,04741667;RED VIAL E 35 KM 6.5;CHOQUE POSTERIOR;NO MANTENER LA DISTANCIA PRUDENCIAL CON RESPECTO AL VEHÍCULO QUE LE ANTECEDE.;CAMIÓN;0;0;NO;2025;11;12;2;MIERCOLES;16,333333333333332;16;TARDE;-0,8660254037844385;-0,5000000000000004;0,9749279121818236;-0,22252093395631434;0;2;18,18;BAJO
2025-11-12;17:06:00;CUENCA;BAÑOS (CUENCA);RURAL;-2,94597222;-79,04625;RED VIAL E 35 KM 01 APROX.;COLISIÓN;NO MANTENER LA DISTANCIA PRUDENCIAL CON RESPECTO AL VEHÍCULO QUE LE ANTECEDE.;AUTOMÓVIL;0;0;NO;2025;11;12;2;MIERCOLES;17,1;17;TARDE;-0,9659258262890683;-0,25881904510252063;0,9749279121818236;-0,22252093395631434;0;1;9,09;BAJO
2025-11-13;00:41:00;CUENCA;TARQUI (CUENCA);RURAL;-3,02905556;-79,04038889;RED VIAL E 59 KM 13;PÉRDIDA DE CARRIL;CONDUCIR DESATENTO A LAS CONDICIONES DE TRÁNSITO (CELULAR, PANTALLAS DE VIDEO, COMIDA, MAQUILLAJE O CUALQUIER OTRO ELEMENTO DISTRACTOR).;AUTOMÓVIL;0;0;NO;2025;11;13;3;JUEVES;0,6833333333333333;0;MADRUGADA;0,0;1,0;0,43388373911755823;-0,900968867902419;0;1;9,09;BAJO
2025-11-16;15:00:00;CUENCA;TARQUI (CUENCA);RURAL;-2,96751947;-79,04948138;SE ENCUENTRA UBICADO EN LA RED VIAL E-59 SENTIDO TARQUI  - CUENCA AL LLEGAR AL KM 5+900 APROXIMADAMENTE COMO  REFERENCIA PUENTE CARRION.;CHOQUE POSTERIOR;NO MANTENER LA DISTANCIA PRUDENCIAL CON RESPECTO AL VEHÍCULO QUE LE ANTECEDE.;AUTOMÓVIL;1;0;NO;2025;11;16;6;DOMINGO;15,0;15;TARDE;-0,7071067811865471;-0,7071067811865479;-0,7818314824680299;0,6234898018587334;1;1;9,09;BAJO
2025-11-17;06:00:00;CUENCA;MOLLETURO;RURAL;-2,75654402;-79,40154533;SE ENCUENTRA UBICADO EN LA RED VIAL E-582 SENTIDO MOLLETURO ¿ CUENCA   AL LLEGAR AL KM 67 APROXIMADAMENTE COMO REFERENCIA POSTE NÚMERO 501448 DE CENTRO SUR.;PÉRDIDA DE CARRIL;CONDUCIR DESATENTO A LAS CONDICIONES DE TRÁNSITO (CELULAR, PANTALLAS DE VIDEO, COMIDA, MAQUILLAJE O CUALQUIER OTRO ELEMENTO DISTRACTOR).;AUTOMÓVIL;0;0;NO;2025;11;17;0;LUNES;6,0;6;MANANA;1,0;6,123233995736766e-17;0,0;1,0;0;1;9,09;BAJO
2025-11-18;08:00:00;CUENCA;TARQUI (CUENCA);RURAL;-2,9971449;-79,04666439;SE ENCUENTRA UBICADO EN LA RED VIAL E-59 SENTIDO ZHUCAY -  TARQUI AL LLEGAR KM 7+800 APROXIMADAMENTE REFERENCIA INGRESO A CHAULLAYACU.;CHOQUE POSTERIOR;NO MANTENER LA DISTANCIA PRUDENCIAL CON RESPECTO AL VEHÍCULO QUE LE ANTECEDE.;MOTOCICLETA;1;0;NO;2025;11;18;1;MARTES;8,0;8;MANANA;0,8660254037844387;-0,4999999999999998;0,7818314824680298;0,6234898018587336;1;1;9,09;BAJO
2025-11-20;14:20:00;CUENCA;SAYAUSI;RURAL;-2,79382536;-79,163764;SE ENCUENTRA UBICADO EN LA RED VIAL E-582 SENTIDO EL CAJAS  -  CUENCA AL LLEGAR AL KM 26+500 APROXIMADAMENTE REFERENCIA SECTOR EL CAJAS.;CHOQUE FRONTAL;CONDUCIR EN SENTIDO CONTRARIO A LA VÍA NORMAL DE CIRCULACIÓN.;CAMIONETA;1;1;NO;2025;11;20;3;JUEVES;14,333333333333334;14;TARDE;-0,4999999999999997;-0,8660254037844388;0,43388373911755823;-0,900968867902419;2;1;9,09;BAJO
2025-11-24;08:00:00;CUENCA;BAÑOS (CUENCA);RURAL;-2,94647222;-79,04652778;RED VIAL E 59 KM 2+800;CHOQUE POSTERIOR;NO MANTENER LA DISTANCIA PRUDENCIAL CON RESPECTO AL VEHÍCULO QUE LE ANTECEDE.;AUTOMÓVIL;0;0;NO;2025;11;24;0;LUNES;8,0;8;MANANA;0,8660254037844387;-0,4999999999999998;0,0;1,0;0;1;9,09;BAJO
2025-11-29;09:00:00;CUENCA;CUMBE;RURAL;-3,07138683;-79,02325086;SE ENCUENTRA UBICADO EN LA RED VIAL E-35 SENTIDO CUMBE ¿ CUENCA AL LLEGAR AL KM 2+500 APROXIMADAMENTE REFERENCIA PASANDO IMPORTADORA CUMPLEAÑOS;CHOQUE POSTERIOR;NO MANTENER LA DISTANCIA PRUDENCIAL CON RESPECTO AL VEHÍCULO QUE LE ANTECEDE.;AUTOMÓVIL;0;0;NO;2025;11;29;5;SABADO;9,0;9;MANANA;0,7071067811865476;-0,7071067811865475;-0,9749279121818236;-0,2225209339563146;0;1;9,09;BAJO
2025-11-04;19:42:00;CUENCA;SANTA ANA;RURAL;-2,938959;-78,935866;VIA AL VALLE (SECTOR AUQUILULA);CHOQUE POSTERIOR;NO MANTENER LA DISTANCIA PRUDENCIAL CON RESPECTO AL VEHÍCULO QUE LE ANTECEDE.;BUS;0;0;SI;2025;11;4;1;MARTES;19,7;19;NOCHE;-0,9659258262890684;0,2588190451025203;0,7818314824680298;0,6234898018587336;0;1;9,09;BAJO
2025-11-22;17:55:00;CUENCA;TURI;URBANA;-2,928684;-79,022944;VÍA A PUNTA CORRAL Y SN;ESTRELLAMIENTOS;CONDUCE BAJO LA INFLUENCIA DE ALCOHOL, SUSTANCIAS ESTUPEFACIENTES O PSICOTRÓPICAS Y/O MEDICAMENTOS.;AUTOMÓVIL;0;0;NO;2025;11;22;5;SABADO;17,916666666666668;17;TARDE;-0,9659258262890683;-0,25881904510252063;-0,9749279121818236;-0,2225209339563146;0;1;9,09;BAJO
2025-11-01;18:26:00;CUENCA;CUENCA;URBANA;-2,921585;-79,037654;AVENIDA LOJA Y FRAY A DE LA MARCHENA;ATROPELLOS;NO CEDER EL DERECHO DE VÍA O PREFERENCIA DE PASO AL PEATÓN.;NO IDENTIFICADO;0;0;SI;2025;11;1;5;SABADO;18,433333333333334;18;NOCHE;-1,0;-1,8369701987210297e-16;-0,9749279121818236;-0,2225209339563146;0;3;27,27;BAJO
2025-11-07;11:47:00;CUENCA;CUENCA;URBANA;-2,920861;-79,044533;VICENTE MELO Y 02 DE AGOSTO;CHOQUE LATERAL;NO RESPETAR LAS SEÑALES REGLAMENTARIAS DE TRÁNSITO. (PARE, CEDA EL PASO, LUZ ROJA DEL SEMAFORO, ETC).;CAMIONETA;1;0;NO;2025;11;7;4;VIERNES;11,783333333333333;11;MANANA;0,258819045102521;-0,9659258262890682;-0,433883739117558;-0,9009688679024191;1;2;18,18;BAJO
2025-11-22;18:20:00;CUENCA;CUENCA;URBANA;-2,919018;-79,016517;JOSÉ ORTEGA Y GASSET Y FELIPE II;ESTRELLAMIENTOS;CONDUCIR DESATENTO A LAS CONDICIONES DE TRÁNSITO (CELULAR, PANTALLAS DE VIDEO, COMIDA, MAQUILLAJE O CUALQUIER OTRO ELEMENTO DISTRACTOR).;VEHÍCULO DEPORTIVO UTILITARIO;0;0;NO;2025;11;22;5;SABADO;18,333333333333332;18;NOCHE;-1,0;-1,8369701987210297e-16;-0,9749279121818236;-0,2225209339563146;0;5;45,45;MEDIO
2025-11-19;08:01:00;CUENCA;CUENCA;URBANA;-2,91694;-79,0085864;LOS CONQUISTADORES Y DOCE DE OCTUBRE;CHOQUE POSTERIOR;NO RESPETAR LAS SEÑALES REGLAMENTARIAS DE TRÁNSITO. (PARE, CEDA EL PASO, LUZ ROJA DEL SEMAFORO, ETC).;CAMIONETA;0;0;NO;2025;11;19;2;MIERCOLES;8,016666666666667;8;MANANA;0,8660254037844387;-0,4999999999999998;0,9749279121818236;-0,22252093395631434;0;4;36,36;BAJO
2025-11-03;19:05:00;CUENCA;CUENCA;URBANA;-2,909182;-79,019701;PRIMERO DE MAYO PASAJE 12 DE OCTUBRE;CHOQUE LATERAL;NO CEDER EL DERECHO DE VÍA O PREFERENCIA DE PASO A VEHÍCULOS.;MOTOCICLETA;0;0;SI;2025;11;3;0;LUNES;19,083333333333332;19;NOCHE;-0,9659258262890684;0,2588190451025203;0,0;1,0;0;1;9,09;BAJO
2025-11-01;20:06:00;CUENCA;CUENCA;URBANA;-2,907403;-79,026343;AVENIDA PRIMERO DE MAYO Y AVENIDA LOJA;CHOQUE LATERAL;NO RESPETAR LAS SEÑALES REGLAMENTARIAS DE TRÁNSITO. (PARE, CEDA EL PASO, LUZ ROJA DEL SEMAFORO, ETC).;MOTOCICLETA;2;0;SI;2025;11;1;5;SABADO;20,1;20;NOCHE;-0,8660254037844386;0,5000000000000001;-0,9749279121818236;-0,2225209339563146;2;3;27,27;BAJO
2025-11-02;02:04:00;CUENCA;CUENCA;RURAL;-2,90435;-78,962538;ALFONSO FIGUEROA TERREROS CAMINO A RAYOLOMA;PÉRDIDA DE CARRIL;CONDUCIR VEHÍCULO SUPERANDO LOS LÍMITES MÁXIMOS DE VELOCIDAD.;AUTOMÓVIL;1;0;SI;2025;11;2;6;DOMINGO;2,066666666666667;2;MADRUGADA;0,49999999999999994;0,8660254037844387;-0,7818314824680299;0,6234898018587334;1;1;9,09;BAJO
2025-11-18;13:18:00;CUENCA;CUENCA;URBANA;-2,900862;-78,992697;JUAN JOSE FLORES Y OCTAVIO DIAZ;CHOQUE LATERAL;CONDUCIR DESATENTO A LAS CONDICIONES DE TRÁNSITO (CELULAR, PANTALLAS DE VIDEO, COMIDA, MAQUILLAJE O CUALQUIER OTRO ELEMENTO DISTRACTOR).;BUS;1;0;NO;2025;11;18;1;MARTES;13,3;13;TARDE;-0,2588190451025208;-0,9659258262890683;0,7818314824680298;0,6234898018587336;1;5;45,45;MEDIO
2025-11-02;12:33:00;CUENCA;CUENCA;URBANA;-2,899079;-79,014084;GUAYAS Y GALAPAGOS;CHOQUE LATERAL;NO RESPETAR LAS SEÑALES REGLAMENTARIAS DE TRÁNSITO. (PARE, CEDA EL PASO, LUZ ROJA DEL SEMAFORO, ETC).;AUTOMÓVIL;0;0;SI;2025;11;2;6;DOMINGO;12,55;12;TARDE;1,2246467991473532e-16;-1,0;-0,7818314824680299;0,6234898018587334;0;2;18,18;BAJO
2025-11-07;07:58:00;CUENCA;CUENCA;URBANA;-2,898713;-78,996656;HUAYNA CAPAC Y LA REPUBLICA;ATROPELLOS;NO CEDER EL DERECHO DE VÍA O PREFERENCIA DE PASO AL PEATÓN.;BUS;2;0;NO;2025;11;7;4;VIERNES;7,966666666666667;7;MANANA;0,9659258262890683;-0,25881904510252063;-0,433883739117558;-0,9009688679024191;2;2;18,18;BAJO
2025-11-01;03:32:00;CUENCA;CUENCA;URBANA;-2,890373;-79,028943;AVENIDA ORDOÑEZ LASSO Y LOS CEDROS;CHOQUE LATERAL;CONDUCE BAJO LA INFLUENCIA DE ALCOHOL, SUSTANCIAS ESTUPEFACIENTES O PSICOTRÓPICAS Y/O MEDICAMENTOS.;VEHÍCULO DEPORTIVO UTILITARIO;0;0;SI;2025;11;1;5;SABADO;3,533333333333333;3;MADRUGADA;0,7071067811865476;0,7071067811865476;-0,9749279121818236;-0,2225209339563146;0;3;27,27;BAJO
2025-11-05;09:07:00;CUENCA;CUENCA;URBANA;-2,887623;-78,967173;AV. DE LAS AMÉRICAS Y SAN PABLO DEL LAGO;CHOQUE POSTERIOR;NO MANTENER LA DISTANCIA PRUDENCIAL CON RESPECTO AL VEHÍCULO QUE LE ANTECEDE.;VEHÍCULO DEPORTIVO UTILITARIO;0;0;NO;2025;11;5;2;MIERCOLES;9,116666666666667;9;MANANA;0,7071067811865476;-0,7071067811865475;0,9749279121818236;-0,22252093395631434;0;4;36,36;BAJO
2025-11-04;17:08:00;CUENCA;CUENCA;URBANA;-2,885309;-78,987139;CALLE VIEJA Y TURUHUAYCO;PÉRDIDA DE PISTA;PEATÓN QUE CRUZA LA CALZADA SIN RESPETAR LA SEÑALIZACIÓN EXISTENTE (SEMÁFOROS O SEÑALES MANUALES).;CAMIÓN;0;0;SI;2025;11;4;1;MARTES;17,133333333333333;17;TARDE;-0,9659258262890683;-0,25881904510252063;0,7818314824680298;0,6234898018587336;0;1;9,09;BAJO
2025-11-13;08:05:00;CUENCA;CUENCA;URBANA;-2,874775;-78,983452;DEL TORIL Y BARRIAL BLANCO;CHOQUE POSTERIOR;NO MANTENER LA DISTANCIA PRUDENCIAL CON RESPECTO AL VEHÍCULO QUE LE ANTECEDE.;CAMIONETA;0;0;NO;2025;11;13;3;JUEVES;8,083333333333334;8;MANANA;0,8660254037844387;-0,4999999999999998;0,43388373911755823;-0,900968867902419;0;4;36,36;BAJO
2025-11-07;13:23:00;CUENCA;CUENCA;URBANA;-2,867928;-78,984178;LOS CHASQUIS Y DE LA ZARIGUEYA;ATROPELLOS;NO TRANSITAR POR LAS ACERAS O ZONAS DE SEGURIDAD DESTINADAS PARA EL EFECTO.;AUTOMÓVIL;1;0;NO;2025;11;7;4;VIERNES;13,383333333333333;13;TARDE;-0,2588190451025208;-0,9659258262890683;-0,433883739117558;-0,9009688679024191;1;5;45,45;MEDIO
2025-11-05;19:25:00;CUENCA;RICAURTE (CUENCA);RURAL;-2,859415;-78,966358;ELOY MONJE Y SN;PÉRDIDA DE PISTA;CONDUCE BAJO LA INFLUENCIA DE ALCOHOL, SUSTANCIAS ESTUPEFACIENTES O PSICOTRÓPICAS Y/O MEDICAMENTOS.;MOTOCICLETA;1;0;NO;2025;11;5;2;MIERCOLES;19,416666666666668;19;NOCHE;-0,9659258262890684;0,2588190451025203;0,9749279121818236;-0,22252093395631434;1;1;9,09;BAJO
2025-11-22;20:05:00;CUENCA;CUENCA;URBANA;-2,852348;-78,905575;RED ESTATAL E35 KM 689 Y SN;PÉRDIDA DE PISTA;CONDUCIR DESATENTO A LAS CONDICIONES DE TRÁNSITO (CELULAR, PANTALLAS DE VIDEO, COMIDA, MAQUILLAJE O CUALQUIER OTRO ELEMENTO DISTRACTOR).;NO IDENTIFICADO;0;0;NO;2025;11;22;5;SABADO;20,083333333333332;20;NOCHE;-0,8660254037844386;0,5000000000000001;-0,9749279121818236;-0,2225209339563146;0;5;45,45;MEDIO
2025-11-04;19:24:00;CUENCA;MOLLETURO;RURAL;-2,773308;-79,397464;ENTRADA A MOLLETURO KM 01 Y VIA A CUENCA-MOLLETURO- PUERTO INCA;CHOQUE LATERAL;CONDUCIR EN SENTIDO CONTRARIO A LA VÍA NORMAL DE CIRCULACIÓN.;ESPECIAL;0;0;SI;2025;11;4;1;MARTES;19,4;19;NOCHE;-0,9659258262890684;0,2588190451025203;0,7818314824680298;0,6234898018587336;0;1;9,09;BAJO
2025-12-01;11:19:00;CUENCA;SININCAY;RURAL;-2,850784;-79,012803;VIA A SINICAY Y VIA A PAMPA DE ROSAS;ATROPELLOS;CONDUCIR DESATENTO A LAS CONDICIONES DE TRÁNSITO (CELULAR, PANTALLAS DE VIDEO, COMIDA, MAQUILLAJE O CUALQUIER OTRO ELEMENTO DISTRACTOR).;BUS;1;0;NO;2025;12;1;0;LUNES;11,316666666666666;11;MANANA;0,258819045102521;-0,9659258262890682;0,0;1,0;1;1;9,09;BAJO
2025-12-01;13:06:00;CUENCA;CUENCA;URBANA;-2,915611;-79,010019;AVENIDA FRAY VICENTE SOLANO Y AVENIDA PRIMERO DE MAYO;CHOQUE LATERAL;NO RESPETAR LAS SEÑALES REGLAMENTARIAS DE TRÁNSITO. (PARE, CEDA EL PASO, LUZ ROJA DEL SEMAFORO, ETC).;MOTOCICLETA;1;0;NO;2025;12;1;0;LUNES;13,1;13;TARDE;-0,2588190451025208;-0,9659258262890683;0,0;1,0;1;5;45,45;MEDIO
2025-12-02;20:58:00;CUENCA;CUENCA;URBANA;-2,911786;-79,033295;FRAY VICENTE CARVAJAL Y CARLOS III;CHOQUE LATERAL;NO RESPETAR LAS SEÑALES REGLAMENTARIAS DE TRÁNSITO. (PARE, CEDA EL PASO, LUZ ROJA DEL SEMAFORO, ETC).;MOTOCICLETA;0;0;NO;2025;12;2;1;MARTES;20,966666666666665;20;NOCHE;-0,8660254037844386;0,5000000000000001;0,7818314824680298;0,6234898018587336;0;5;45,45;MEDIO
2025-12-03;13:38:00;CUENCA;SAN JOAQUIN;URBANA;-2,901649;-79,042522;AV. ENRIQUE ARIZAGA TORAL RAFAEL AGUILAR;CHOQUE LATERAL;NO RESPETAR LAS SEÑALES REGLAMENTARIAS DE TRÁNSITO. (PARE, CEDA EL PASO, LUZ ROJA DEL SEMAFORO, ETC).;NO IDENTIFICADO;1;0;NO;2025;12;3;2;MIERCOLES;13,633333333333333;13;TARDE;-0,2588190451025208;-0,9659258262890683;0,9749279121818236;-0,22252093395631434;1;1;9,09;BAJO
2025-12-03;17:15:00;CUENCA;CUENCA;URBANA;-2,90658;-79,00752;AVENIDA SOLANO Y REMIGIO CRESPO;CHOQUE POSTERIOR;NO MANTENER LA DISTANCIA PRUDENCIAL CON RESPECTO AL VEHÍCULO QUE LE ANTECEDE.;NO IDENTIFICADO;0;0;NO;2025;12;3;2;MIERCOLES;17,25;17;TARDE;-0,9659258262890683;-0,25881904510252063;0,9749279121818236;-0,22252093395631434;0;3;27,27;BAJO
2025-12-03;19:47:00;CUENCA;CUENCA;URBANA;-2,890457;-78,979134;BUERÁN MACCHU-PICCHU;ATROPELLOS;NO RESPETAR LAS SEÑALES REGLAMENTARIAS DE TRÁNSITO. (PARE, CEDA EL PASO, LUZ ROJA DEL SEMAFORO, ETC).;NO IDENTIFICADO;0;0;NO;2025;12;3;2;MIERCOLES;19,783333333333335;19;NOCHE;-0,9659258262890684;0,2588190451025203;0,9749279121818236;-0,22252093395631434;0;2;18,18;BAJO
2025-12-04;02:33:00;CUENCA;RICAURTE (CUENCA);RURAL;-2,862997;-78,967782;AV 25 DE MARZO VICENTE PACHECO;ESTRELLAMIENTOS;NO RESPETAR LAS SEÑALES REGLAMENTARIAS DE TRÁNSITO. (PARE, CEDA EL PASO, LUZ ROJA DEL SEMAFORO, ETC).;NO IDENTIFICADO;0;0;NO;2025;12;4;3;JUEVES;2,55;2;MADRUGADA;0,49999999999999994;0,8660254037844387;0,43388373911755823;-0,900968867902419;0;1;9,09;BAJO